bike_station_location,name,main_category_x,address,price,rating,review_count,status,distance_away_x,main_category_y,latitude,longitude,num_of_bikes
"45.51195046,-122.6141596",Apizza Scholls,Pizza,4741 SE Hawthorne Blvd,$$,4.0,1735,Open,82.51827717190247,Pizzeria,45.51195046,-122.6141596,3
"45.51195046,-122.6141596",Sapphire Hotel,Lounges,5008 SE Hawthorne Blvd,$$,4.5,487,Open,225.7936725004157,Cocktail Bar,45.51195046,-122.6141596,3
"45.51195046,-122.6141596",East Side Delicatessen,Delis,4626 SE Hawthorne Blvd,$,4.0,408,Open,33.46106830531426,Deli,45.51195046,-122.6141596,3
"45.51195046,-122.6141596",Zach's Shack,Fast Food,4611 SE Hawthorne Blvd,$,3.5,270,Open,58.98761878884557,Hot Dog Joint,45.51195046,-122.6141596,3
"45.54827571,-122.6111636",Noho's Hawaiian Cafe,Hawaiian,4627 NE Fremont St,$$,4.0,374,Open,340.5973570979499,Café,45.54827571,-122.6111636,6
"45.54827571,-122.6111636",Jim & Patty's Coffee,Coffee & Tea,4951 NE Fremont St,$$,4.0,268,Open,39.71059629900574,Café,45.54827571,-122.6111636,6
"45.54827571,-122.6111636",Fire On The Mountain,Barbeque,3443 NE 57th Ave,$$,3.5,599,Open,471.7238081478068,Pizzeria,45.54827571,-122.6111636,6
"45.553917,-122.6020709",Cully Central,Beer Gardens,4579 NE Cully Blvd,$$,5.0,208,Open,323.0375715370634,Beer Garden,45.553917,-122.6020709,6
"45.553917,-122.6020709",Bison Coffee House,Coffee & Tea,3941 NE Cully Blvd,$,4.5,158,Open,293.260540701753,Coffee Shop,45.553917,-122.6020709,6
"45.553917,-122.6020709",Fire On The Mountain,Barbeque,3443 NE 57th Ave,$$,3.5,599,Open,692.9414011437761,Pizzeria,45.553917,-122.6020709,6
"45.51658489,-122.6160378",Horse Brass Pub,British,4534 SE Belmont St,$$,4.0,729,Open,59.111547217092806,Pub,45.51658489,-122.6160378,3
"45.51658489,-122.6160378",Brazilian House,Food Trucks,4255 SE Belmont St,$,4.5,96,Open,176.66470472675385,Brazilian Restaurant,45.51658489,-122.6160378,3
"45.51658489,-122.6160378",Sivalai Thai Restaurant,Thai,4806 SE Stark St,$$,4.5,957,Open,355.5759959317808,Thai Restaurant,45.51658489,-122.6160378,3
"45.51658489,-122.6160378",Never Coffee,Coffee & Tea,4243 SE Belmont St,$$,4.0,185,Open,204.70453498666595,Coffee Shop,45.51658489,-122.6160378,3
"45.51658489,-122.6160378",Belmont Station,Beer Gardens,4500 SE Stark St,$$,4.0,298,Open,281.1551357036332,Beer Bar,45.51658489,-122.6160378,3
"45.49333654,-122.6233971",Cafe Rowan,Breakfast & Brunch,4437 SE Cesar E Chavez Blvd,$$,4.5,219,Open,315.240579103204,Café,45.49333654,-122.6233971,3
"45.49333654,-122.6233971",Coffee Beer,Coffee & Tea,4142 SE 42nd Ave,$$,4.5,61,Open,366.8240564586952,Beer Bar,45.49333654,-122.6233971,3
"45.50280906,-122.6535398",Virtuous Pie,Pizza,1126 SE Division St,$$,4.5,406,Open,211.880699787148,Pizzeria,45.50280906,-122.6535398,10
"45.50280906,-122.6535398",Pine State Biscuits,Breakfast & Brunch,1100 SE Division St,$$,4.5,1312,Open,230.83123146364596,Breakfast Spot,45.50280906,-122.6535398,10
"45.50280906,-122.6535398",Double Dragon,Sandwiches,1235 SE Division St,$$,4.0,487,Open,241.87099172931676,Cocktail Bar,45.50280906,-122.6535398,10
"45.50280906,-122.6535398",Palomar,Cocktail Bars,959 SE Division St,$$,4.0,223,Open,359.2944277826513,Cocktail Bar,45.50280906,-122.6535398,10
"45.50280906,-122.6535398",The Baker's Mark,Sandwiches,1126 SE Division St,$,4.5,271,Open,187.8284196509748,Fast Food Restaurant,45.50280906,-122.6535398,10
"45.50280906,-122.6535398",Original Hotcake House,Diners,1002 SE Powell Blvd,$$,3.5,610,Open,245.5036731135454,Dining and Drinking,45.50280906,-122.6535398,10
"45.52175423,-122.6810794",Deschutes Brewery Portland Public House,Brewpubs,210 NW 11th Ave,$$,4.0,3487,Open,325.5009757903132,Bar,45.52175423,-122.6810794,17
"45.50512504,-122.6533681",Double Dragon,Sandwiches,1235 SE Division St,$$,4.0,487,Open,20.865821939132324,Cocktail Bar,45.50512504,-122.6533681,18
"45.50512504,-122.6533681",Virtuous Pie,Pizza,1126 SE Division St,$$,4.5,406,Open,73.35755901402486,Pizzeria,45.50512504,-122.6533681,18
"45.50512504,-122.6533681",Palomar,Cocktail Bars,959 SE Division St,$$,4.0,223,Open,240.23839788781652,Cocktail Bar,45.50512504,-122.6533681,18
"45.50512504,-122.6533681",Pine State Biscuits,Breakfast & Brunch,1100 SE Division St,$$,4.5,1312,Open,100.79624021239522,Breakfast Spot,45.50512504,-122.6533681,18
"45.50512504,-122.6533681",Deadshot,Cocktail Bars,2133 SE 11th Ave,$$,4.5,86,Open,277.3393815467205,Cocktail Bar,45.50512504,-122.6533681,18
"45.50512504,-122.6533681",The Baker's Mark,Sandwiches,1126 SE Division St,$,4.5,271,Open,90.02804021232927,Fast Food Restaurant,45.50512504,-122.6533681,18
"45.50356665,-122.6395279",Jacqueline,Cocktail Bars,2039 SE Clinton St,$$,4.5,381,Open,412.02321566706365,Cocktail Bar,45.50356665,-122.6395279,6
"45.50356665,-122.6395279",Nuestra Cocina,Mexican,2135 SE Division St,$$,4.5,621,Open,372.2700548588195,Latin American Restaurant,45.50356665,-122.6395279,6
"45.50356665,-122.6395279",Mestizo,Latin American,2910 SE Division St,$$,4.5,168,Open,341.03974583406296,Bar,45.50356665,-122.6395279,6
"45.50356665,-122.6395279",Reel M Inn,American (Traditional),2430 SE Division St,$$,4.0,412,Open,143.1046446724657,Dive Bar,45.50356665,-122.6395279,6
"45.50356665,-122.6395279",Yama Sushi & Izakaya,Sushi Bars,2038 SE Clinton St,$$,4.0,513,Open,404.9468222756655,Tapas Restaurant,45.50356665,-122.6395279,6
"45.50356665,-122.6395279",Bollywood Theater,Indian,3010 SE Division St,$$,4.0,773,Open,412.2234744256388,Indian Restaurant,45.50356665,-122.6395279,6
"45.51623176,-122.6360679",Ken's Artisan Pizza,Pizza,304 SE 28th Ave,$$,4.5,893,Open,493.6229876742035,Pizzeria,45.51623176,-122.6360679,14
"45.51623176,-122.6360679",Bare Bones Cafe & Bar,Bars,2908 SE Belmont St,$$,4.0,247,Open,14.165582222706671,Dining and Drinking,45.51623176,-122.6360679,14
"45.51623176,-122.6360679",Baby Doll Pizza,Pizza,2835 SE Stark St,$$,4.5,522,Open,367.7402751398562,Pizzeria,45.51623176,-122.6360679,14
"45.51623176,-122.6360679",Mirisata,Sri Lankan,2420 SE Belmont St,$$,4.5,164,Open,384.470148448392,Sri Lankan Restaurant,45.51623176,-122.6360679,14
"45.51147657,-122.6662856",Shalom Y'all Restaurant,Middle Eastern,117 SE Taylor St,$$,4.5,346,Open,450.6803886086741,Israeli Restaurant,45.51147657,-122.6662856,16
"45.51844688,-122.651685",Nostrana,Italian,1401 SE Morrison St,$$$,4.0,1130,Open,89.80821221428094,Pizzeria,45.51844688,-122.651685,18
"45.51844688,-122.651685",The Roof Deck at Revolution Hall,Bars,1300 SE Stark St,$$,4.0,125,Open,66.44083296005495,Bar,45.51844688,-122.651685,18
"45.51515295,-122.665776",Shalom Y'all Restaurant,Middle Eastern,117 SE Taylor St,$$,4.5,346,Open,100.87377271922225,Israeli Restaurant,45.51515295,-122.665776,10
"45.51645917,-122.6189983",Horse Brass Pub,British,4534 SE Belmont St,$$,4.0,729,Open,285.04075753941504,Pub,45.51645917,-122.6189983,11
"45.51645917,-122.6189983",Brazilian House,Food Trucks,4255 SE Belmont St,$,4.5,96,Open,55.61416589841365,Brazilian Restaurant,45.51645917,-122.6189983,11
"45.51645917,-122.6189983",Never Coffee,Coffee & Tea,4243 SE Belmont St,$$,4.0,185,Open,42.425482214846895,Coffee Shop,45.51645917,-122.6189983,11
"45.52373453,-122.6372065",Stammtisch,German,401 NE 28th Ave,$$,4.5,517,Open,237.53723048363685,Gastropub,45.52373453,-122.6372065,5
"45.52373453,-122.6372065",Cheese & Crack Snack Shop,Cheese Shops,22 SE 28th Ave,$$,4.5,547,Open,143.68656737880937,American Restaurant,45.52373453,-122.6372065,5
"45.52536699,-122.6725459",Lechon,Tapas Bars,113 SW Naito Pkwy,$$$,4.5,1825,Open,470.6340668760817,American Restaurant,45.52536699,-122.6725459,14
"45.52536699,-122.6725459",Lan Su Chinese Garden,Botanical Gardens,239 NW Everett St,,4.5,664,Open,42.48091377905369,Chinese Restaurant,45.52536699,-122.6725459,14
"45.52536699,-122.6725459",Portland Burger,Burgers,304 SW 2nd Ave,$$,4.5,629,Open,551.5102298612085,Beer Bar,45.52536699,-122.6725459,14
"45.52976024,-122.6966429",Serratto,Italian,2112 NW Kearney St,$$$,4.0,717,Open,171.28845196916683,Italian Restaurant,45.52976024,-122.6966429,10
"45.52976024,-122.6966429",Bantam Tavern,Brewpubs,922 NW 21st Ave,$$,4.5,83,Open,177.96928057124876,Cocktail Bar,45.52976024,-122.6966429,10
"45.52976024,-122.6966429",Salt & Straw,Ice Cream & Frozen Yogurt,838 NW 23rd Ave,$$,4.5,4207,Open,154.7139532471438,Ice Cream Parlor,45.52976024,-122.6966429,10
"45.52196048,-122.6896772",Mediterranean Exploration Company,Mediterranean,333 NW 13th Ave,$$,4.5,951,Open,568.3769237112881,Mediterranean Restaurant,45.52196048,-122.6896772,18
"45.51299715,-122.6567262",White Owl Social Club,Lounges,1305 SE 8th Ave,$$,3.0,475,Open,112.02263026416044,Lounge,45.51299715,-122.6567262,6
"45.52374151,-122.6818129",Deschutes Brewery Portland Public House,Brewpubs,210 NW 11th Ave,$$,4.0,3487,Open,98.69096460531968,Bar,45.52374151,-122.6818129,18
"45.52374151,-122.6818129",Mediterranean Exploration Company,Mediterranean,333 NW 13th Ave,$$,4.5,951,Open,288.33097057991,Mediterranean Restaurant,45.52374151,-122.6818129,18
"45.52634601,-122.6941484",Serratto,Italian,2112 NW Kearney St,$$$,4.0,717,Open,299.0243379785132,Italian Restaurant,45.52634601,-122.6941484,10
"45.52634601,-122.6941484",Pope House Bourbon Lounge,Lounges,2075 NW Glisan St,$$,4.0,339,Open,16.919402729406425,Cocktail Bar,45.52634601,-122.6941484,10
"45.52826831,-122.6945615",Serratto,Italian,2112 NW Kearney St,$$$,4.0,717,Open,82.86704004659187,Italian Restaurant,45.52826831,-122.6945615,12
"45.52826831,-122.6945615",Bantam Tavern,Brewpubs,922 NW 21st Ave,$$,4.5,83,Open,143.71428223022608,Cocktail Bar,45.52826831,-122.6945615,12
"45.56282546,-122.6747467",Tulip Shop Tavern,American (Traditional),825 N Killingsworth St,$$,4.0,108,Open,68.14487914397805,Cocktail Bar,45.56282546,-122.6747467,15
"45.56282546,-122.6747467",Sweedeedee,Breakfast & Brunch,5202 N Albina Ave,$$,4.0,558,Open,256.4837377526885,Café,45.56282546,-122.6747467,15
"45.56282546,-122.6747467",Saraveza,"Beer, Wine & Spirits",1004 N Killingsworth St,$$,4.0,302,Open,191.3858128640373,Wine Bar,45.56282546,-122.6747467,15
"45.56282546,-122.6747467",Victoria,Cocktail Bars,4835 N Albina Ave,$$,4.0,252,Open,534.2762494352804,Cocktail Bar,45.56282546,-122.6747467,15
"45.5286366,-122.6820195",The Star,Pizza,1309 NW Hoyt St,$$,4.0,350,Open,255.44719483658983,Bar,45.5286366,-122.6820195,14
"45.5282777,-122.6766282",Deschutes Brewery Portland Public House,Brewpubs,210 NW 11th Ave,$$,4.0,3487,Open,575.9719562859005,Bar,45.5282777,-122.6766282,12
"45.53211645,-122.6986304",Breakside Brewery,American (Traditional),1570 NW 22nd Ave,$$,4.0,373,Open,256.4276184253705,Beer Bar,45.53211645,-122.6986304,14
"45.5475928,-122.6667604",Eem,Cocktail Bars,3808 N Williams Ave,$$,4.5,975,Open,350.98580151264326,Cocktail Bar,45.5475928,-122.6667604,18
"45.5475928,-122.6667604",Life of Pie Pizza,Pizza,3632 N Williams Ave,$$,4.5,872,Open,201.1715861435978,Pizzeria,45.5475928,-122.6667604,18
"45.5027677,-122.6714408",Dough Zone - Downtown Portland,Dim Sum,1910 S River Dr,$$,4.0,604,Open,602.1749837907536,Dumpling Restaurant,45.5027677,-122.6714408,19
"45.52914205,-122.6987028",Salt & Straw,Ice Cream & Frozen Yogurt,838 NW 23rd Ave,$$,4.5,4207,Open,46.51554249860787,Ice Cream Parlor,45.52914205,-122.6987028,18
"45.54998583,-122.6756573",Stormbreaker Brewing,Breweries,832 N Beech St,$$,4.0,421,Open,73.10049376863972,Bar,45.54998583,-122.6756573,18
"45.55076344,-122.6668663",Eem,Cocktail Bars,3808 N Williams Ave,$$,4.5,975,Open,26.114949748558622,Cocktail Bar,45.55076344,-122.6668663,12
"45.55076344,-122.6668663",Life of Pie Pizza,Pizza,3632 N Williams Ave,$$,4.5,872,Open,154.6710418582625,Pizzeria,45.55076344,-122.6668663,12
"45.55076344,-122.6668663",XLB,Noodles,4090 N Williams Ave,$$,3.5,476,Open,274.1795310426696,Chinese Restaurant,45.55076344,-122.6668663,12
"45.54107815,-122.6769716",Bernstein's Bagels,Bagels,816 N Russell St,$,4.5,121,Open,159.42340835674167,Sandwich Spot,45.54107815,-122.6769716,12
"45.52142066,-122.6726291",Lechon,Tapas Bars,113 SW Naito Pkwy,$$$,4.5,1825,Open,145.89517886734097,American Restaurant,45.52142066,-122.6726291,18
"45.52142066,-122.6726291",Portland Burger,Burgers,304 SW 2nd Ave,$$,4.5,629,Open,114.7446729353789,Beer Bar,45.52142066,-122.6726291,18
"45.52142066,-122.6726291",Killer Burger,Burgers,510 SW 3rd Ave,$$,4.0,878,Open,279.27398186130773,Bar,45.52142066,-122.6726291,18
"45.52279251,-122.6840124",Mediterranean Exploration Company,Mediterranean,333 NW 13th Ave,$$,4.5,951,Open,308.0190793444607,Mediterranean Restaurant,45.52279251,-122.6840124,18
"45.52279251,-122.6840124",Deschutes Brewery Portland Public House,Brewpubs,210 NW 11th Ave,$$,4.0,3487,Open,263.4149948630609,Bar,45.52279251,-122.6840124,18
"45.50910258,-122.6735169",Dough Zone - Downtown Portland,Dim Sum,1910 S River Dr,$$,4.0,604,Open,136.68299966291326,Dumpling Restaurant,45.50910258,-122.6735169,27
"45.50910258,-122.6735169",Murata Restaurant,Japanese,200 SW Market St,$$,4.5,394,Open,492.8195480200672,Sushi Restaurant,45.50910258,-122.6735169,27
"45.5123205,-122.6789108",Murata Restaurant,Japanese,200 SW Market St,$$,4.5,394,Open,70.41723996344861,Sushi Restaurant,45.5123205,-122.6789108,12
"45.50473239,-122.62528",Cibo,Italian,3539 SE Division St,$$,4.0,541,Open,194.7699284653434,Pizzeria,45.50473239,-122.62528,3
"45.50473239,-122.62528",Ava Gene's,American (New),3377 SE Division St,$$$,4.0,733,Open,344.89971812812155,Italian Restaurant,45.50473239,-122.62528,3
"45.50473239,-122.62528",Little Beast Brewing Beer Garden,Breweries,3412 SE Division St,$$,4.0,120,Open,308.0538995971474,Beer Bar,45.50473239,-122.62528,3
"45.50473239,-122.62528",Lauretta Jean's,Bakeries,3402 SE Division St,$,4.0,576,Open,324.5246224057273,Bakery,45.50473239,-122.62528,3
"45.50473239,-122.62528",Division Wines,"Beer, Wine & Spirits",3564 SE Division St,$$,5.0,108,Open,139.5487110916031,Liquor Store,45.50473239,-122.62528,3
"45.54830706,-122.6136768",Noho's Hawaiian Cafe,Hawaiian,4627 NE Fremont St,$$,4.0,374,Open,145.0999826052896,Café,45.54830706,-122.6136768,12
"45.54830706,-122.6136768",Hi-Top Tavern,Bars,5015 NE Fremont St,,4.5,59,Open,223.38920660405967,Cocktail Bar,45.54830706,-122.6136768,12
"45.54830706,-122.6136768",Jim & Patty's Coffee,Coffee & Tea,4951 NE Fremont St,$$,4.0,268,Open,169.12662463909533,Café,45.54830706,-122.6136768,12
"45.51189243,-122.6113057",Sapphire Hotel,Lounges,5008 SE Hawthorne Blvd,$$,4.5,487,Open,4.75146695976608,Cocktail Bar,45.51189243,-122.6113057,5
"45.51189243,-122.6113057",Apizza Scholls,Pizza,4741 SE Hawthorne Blvd,$$,4.0,1735,Open,144.60077712731854,Pizzeria,45.51189243,-122.6113057,5
"45.51189243,-122.6113057",East Side Delicatessen,Delis,4626 SE Hawthorne Blvd,$,4.0,408,Open,255.19131250342485,Deli,45.51189243,-122.6113057,5
"45.51189243,-122.6113057",Space Room Lounge,Lounges,4800 SE Hawthorne Blvd,$,3.5,222,Open,123.9365781691392,Lounge,45.51189243,-122.6113057,5
"45.51189243,-122.6113057",Zach's Shack,Fast Food,4611 SE Hawthorne Blvd,$,3.5,270,Open,276.4460491191375,Hot Dog Joint,45.51189243,-122.6113057,5
"45.52642975,-122.6347187",Pambiche,Cuban,2811 NE Glisan St,$$,4.0,1635,Open,172.97883053644782,Ice Cream Parlor,45.52642975,-122.6347187,3
"45.52642975,-122.6347187",Stammtisch,German,401 NE 28th Ave,$$,4.5,517,Open,217.30705399221785,Gastropub,45.52642975,-122.6347187,3
"45.52642975,-122.6347187",Dove Vivi,Pizza,2727 NE Glisan St,$$,4.0,578,Open,222.63912159993865,Pizzeria,45.52642975,-122.6347187,3
"45.50523618,-122.6121104",Petite Provence,French,4834 SE Division St,$$,4.0,701,Open,33.80719020307691,Bakery,45.50523618,-122.6121104,3
"45.56267617,-122.6946044",Mee Dee Thai Cuisine,Thai,2731 N Killingsworth St,$$,4.0,132,Open,64.54493507105701,Thai Restaurant,45.56267617,-122.6946044,3
"45.56267617,-122.6946044",The Old Gold,Bars,2105 N Killingsworth St,$$,4.0,201,Open,429.3307333346807,Whisky Bar,45.56267617,-122.6946044,3
"45.56267617,-122.6946044",Backyard Social,Venues & Event Spaces,1914 N Killingsworth St,$$,4.5,112,Open,607.1177164855695,Beer Garden,45.56267617,-122.6946044,3
"45.56267617,-122.6946044",Mio Sushi,Sushi Bars,2735 N Killingsworth St,$$,3.5,165,Open,66.84099268965186,Sushi Restaurant,45.56267617,-122.6946044,3
"45.56267617,-122.6946044",Blend Coffee Lounge,Coffee & Tea,2710 N Killingsworth St,$,4.5,127,Open,21.322425586643,Coffee Shop,45.56267617,-122.6946044,3
"45.56267617,-122.6946044",Madrona Hill Cafe,Bakeries,5937 N Greeley Ave,$,4.5,65,Open,409.3433525673883,Bakery,45.56267617,-122.6946044,3
"45.53893649,-122.6432884",Blossoming Lotus,Vegan,1713 NE 15th Ave,$$,4.5,1305,Open,701.1221632330085,Vegan and Vegetarian Restaurant,45.53893649,-122.6432884,12
"45.53893649,-122.6432884",Twisted Croissant,Bakeries,2129 NE Broadway St,$$,4.5,207,Open,412.790859196614,Bakery,45.53893649,-122.6432884,12
"45.51649676,-122.6307517",Sweet Hereafter,Bars,3326 SE Belmont St,$$,4.0,496,Open,35.3496633351968,Cocktail Bar,45.51649676,-122.6307517,12
"45.51649676,-122.6307517",Farmhouse Kitchen Thai Cuisine,Thai,3354 SE Hawthorne Blvd,$$,4.5,858,Open,520.215399347478,Thai Restaurant,45.51649676,-122.6307517,12
"45.51633325,-122.6566324",Hat Yai,Thai,605 SE Belmont St,$$,4.0,238,Open,229.9493852520308,Thai Restaurant,45.51633325,-122.6566324,18
"45.51633325,-122.6566324",Rum Club,American (New),720 SE Sandy Blvd,$$,4.0,286,Open,305.79769735013696,Cocktail Bar,45.51633325,-122.6566324,18
"45.55335313,-122.6669146",Eem,Cocktail Bars,3808 N Williams Ave,$$,4.5,975,Open,291.51096632769026,Cocktail Bar,45.55335313,-122.6669146,12
"45.55335313,-122.6669146",XLB,Noodles,4090 N Williams Ave,$$,3.5,476,Open,31.746361510458183,Chinese Restaurant,45.55335313,-122.6669146,12
"45.55335313,-122.6669146",Life of Pie Pizza,Pizza,3632 N Williams Ave,$$,4.5,872,Open,441.3165072070151,Pizzeria,45.55335313,-122.6669146,12
"45.55335313,-122.6669146",JinJu Patisserie,Bakeries,4063 N Williams Ave,$$,4.5,224,Open,43.60362442150391,Bakery,45.55335313,-122.6669146,12
"45.51222277,-122.6454261",Devil's Dill Sandwich Shop,Sandwiches,1711 SE Hawthorne Blvd,$$,4.5,381,Open,222.4920316312368,Sandwich Spot,45.51222277,-122.6454261,13
"45.51222277,-122.6454261",Nimblefish,Sushi Bars,1524 SE 20th Ave,$$$$,4.0,171,Open,50.27022741233781,Sushi Restaurant,45.51222277,-122.6454261,13
"45.54125782,-122.6966717",Life of Pie,Pizza,1765 NW 23rd Ave,$$,4.5,254,Open,694.8344377597068,Pizzeria,45.54125782,-122.6966717,2
"45.52643433,-122.6362449",Pambiche,Cuban,2811 NE Glisan St,$$,4.0,1635,Open,56.44914351059269,Ice Cream Parlor,45.52643433,-122.6362449,3
"45.52643433,-122.6362449",Stammtisch,German,401 NE 28th Ave,$$,4.5,517,Open,109.26545088265556,Gastropub,45.52643433,-122.6362449,3
"45.52643433,-122.6362449",Dove Vivi,Pizza,2727 NE Glisan St,$$,4.0,578,Open,105.40796077121912,Pizzeria,45.52643433,-122.6362449,3
"45.55905507,-122.6427104",Pine State Biscuits,Southern,2204 NE Alberta St,$$,4.5,4088,Open,6.083264537316272,American Restaurant,45.55905507,-122.6427104,5
"45.55905507,-122.6427104",Bollywood Theater,Indian,2039 NE Alberta St,$$,4.0,1043,Open,106.23951855633072,South Indian Restaurant,45.55905507,-122.6427104,5
"45.55905507,-122.6427104",Petite Provence,Bakeries,1824 NE Alberta St,$$,4.5,1415,Open,271.1162436869766,Bakery,45.55905507,-122.6427104,5
"45.55905507,-122.6427104",Salt & Straw,Ice Cream & Frozen Yogurt,2035 NE Alberta St,$$,4.5,1891,Open,113.6077878251526,Ice Cream Parlor,45.55905507,-122.6427104,5
"45.55908767,-122.6407517",Pine State Biscuits,Southern,2204 NE Alberta St,$$,4.5,4088,Open,154.94947372783568,American Restaurant,45.55908767,-122.6407517,5
"45.55908767,-122.6407517",Bollywood Theater,Indian,2039 NE Alberta St,$$,4.0,1043,Open,257.23425827598345,South Indian Restaurant,45.55908767,-122.6407517,5
"45.56197102,-122.6820369",Backyard Social,Venues & Event Spaces,1914 N Killingsworth St,$$,4.5,112,Open,376.97409457047695,Beer Garden,45.56197102,-122.6820369,8
"45.56197102,-122.6820369",The Old Gold,Bars,2105 N Killingsworth St,$$,4.0,201,Open,560.492261799326,Whisky Bar,45.56197102,-122.6820369,8
"45.56197102,-122.6820369",Tulip Shop Tavern,American (Traditional),825 N Killingsworth St,$$,4.0,108,Open,509.1062395500844,Cocktail Bar,45.56197102,-122.6820369,8
"45.56197102,-122.6820369",Saraveza,"Beer, Wine & Spirits",1004 N Killingsworth St,$$,4.0,302,Open,384.1577760835117,Wine Bar,45.56197102,-122.6820369,8
"45.56197102,-122.6820369",Gonzalez Taqueria,Mexican,1540 N Killingsworth St,$,4.5,58,Open,110.18857186106284,Fast Food Restaurant,45.56197102,-122.6820369,8
"45.53140997,-122.6574612",Gather Food & Drink,Lounges,1000 NE Multnomah St,$$,3.5,83,Open,163.7113626168011,Cocktail Bar,45.53140997,-122.6574612,8
"45.55645437,-122.6603794",The Bye and Bye,Vegan,1011 NE Alberta St,$$,4.0,925,Open,515.0789012667069,Speakeasy,45.55645437,-122.6603794,18
"45.55645437,-122.6603794",Radio Room,American (New),1101 NE Alberta St,$$,3.5,777,Open,568.1226670525965,Bar,45.55645437,-122.6603794,18
"45.52440674,-122.6497686",Noble Rot,Wine Bars,1111 E Burnside St,$$$,4.0,700,Open,402.7600205301383,Wine Bar,45.52440674,-122.6497686,18
"45.52440674,-122.6497686",Hey Love,Breakfast & Brunch,920 E Burnside St,$$,4.0,349,Open,535.3939601483179,Cocktail Bar,45.52440674,-122.6497686,18
"45.52297292,-122.6434118",Screen Door Eastside,Southern,2337 E Burnside St,$$,4.5,8387,Open,135.4994895003553,American Restaurant,45.52297292,-122.6434118,11
"45.52297292,-122.6434118",Luce,Italian,2140 E Burnside St,$$,4.0,334,Open,30.418465798957143,Italian Restaurant,45.52297292,-122.6434118,11
"45.52297292,-122.6434118",Ate-Oh-Ate,Hawaiian,2454 E Burnside St,$$,4.0,580,Open,246.76464973613255,Hawaiian Restaurant,45.52297292,-122.6434118,11
"45.52297292,-122.6434118",Han Oak,Korean,511 NE 24th Ave,$$$$,4.0,330,Open,443.8240021335022,Korean Restaurant,45.52297292,-122.6434118,11
"45.50624163,-122.6633379",Ground Breaker Brewing,Breweries,2030 SE 7th Ave,$$,4.0,255,Open,421.622414856801,Bar,45.50624163,-122.6633379,18
"45.50624163,-122.6633379",Palomar,Cocktail Bars,959 SE Division St,$$,4.0,223,Open,547.342606555504,Cocktail Bar,45.50624163,-122.6633379,18
"45.50624163,-122.6633379",Pine State Biscuits,Breakfast & Brunch,1100 SE Division St,$$,4.5,1312,Open,704.226138279431,Breakfast Spot,45.50624163,-122.6633379,18
"45.50624163,-122.6633379",Oregon Museum of Science and Industry,Museums,1945 SE Water Ave,,4.0,589,Open,264.0938698685918,Science Museum,45.50624163,-122.6633379,18
"45.51202353,-122.6363119",Farmhouse Kitchen Thai Cuisine,Thai,3354 SE Hawthorne Blvd,$$,4.5,858,Open,505.0394479074875,Thai Restaurant,45.51202353,-122.6363119,18
"45.55916922,-122.6514316",Tin Shed Garden Cafe,American (New),1438 NE Alberta St,$$,4.5,1965,Open,47.76691980936327,American Restaurant,45.55916922,-122.6514316,3
"45.55916922,-122.6514316",Bamboo Sushi,Sushi Bars,1409 NE Alberta St,$$,4.0,272,Open,17.012461619095635,Sushi Restaurant,45.55916922,-122.6514316,3
"45.55916922,-122.6514316",Radio Room,American (New),1101 NE Alberta St,$$,3.5,777,Open,225.18479598733043,Bar,45.55916922,-122.6514316,3
"45.55916922,-122.6514316",The Bye and Bye,Vegan,1011 NE Alberta St,$$,4.0,925,Open,294.4734185206537,Speakeasy,45.55916922,-122.6514316,3
"45.55916922,-122.6514316",Petite Provence,Bakeries,1824 NE Alberta St,$$,4.5,1415,Open,409.0492809267316,Bakery,45.55916922,-122.6514316,3
"45.55913676,-122.6554307",Radio Room,American (New),1101 NE Alberta St,$$,3.5,777,Open,88.4882293929276,Bar,45.55913676,-122.6554307,5
"45.55913676,-122.6554307",The Bye and Bye,Vegan,1011 NE Alberta St,$$,4.0,925,Open,28.715994647808017,Speakeasy,45.55913676,-122.6554307,5
"45.55913676,-122.6554307",Tin Shed Garden Cafe,American (New),1438 NE Alberta St,$$,4.5,1965,Open,355.00001728981806,American Restaurant,45.55913676,-122.6554307,5
"45.55913676,-122.6554307",Bamboo Sushi,Sushi Bars,1409 NE Alberta St,$$,4.0,272,Open,326.3291896984244,Sushi Restaurant,45.55913676,-122.6554307,5
"45.52358836,-122.6619177",Dimo's Apizza,Pizza,701 E Burnside St,$$,4.0,137,Open,276.88980407365506,Pizzeria,45.52358836,-122.6619177,6
"45.52507854,-122.6775563",Deschutes Brewery Portland Public House,Brewpubs,210 NW 11th Ave,$$,4.0,3487,Open,340.133985275895,Bar,45.52507854,-122.6775563,18
"45.5048393,-122.6296306",Ava Gene's,American (New),3377 SE Division St,$$$,4.0,733,Open,7.812360920323324,Italian Restaurant,45.5048393,-122.6296306,18
"45.5048393,-122.6296306",Cibo,Italian,3539 SE Division St,$$,4.0,541,Open,145.1897083520158,Pizzeria,45.5048393,-122.6296306,18
"45.5048393,-122.6296306",PDX Sliders,Burgers,3111 SE Division St,$$,4.5,483,Open,303.9069343215483,Burger Joint,45.5048393,-122.6296306,18
"45.5048393,-122.6296306",Little Beast Brewing Beer Garden,Breweries,3412 SE Division St,$$,4.0,120,Open,46.21065371905251,Beer Bar,45.5048393,-122.6296306,18
"45.5048393,-122.6296306",Lauretta Jean's,Bakeries,3402 SE Division St,$,4.0,576,Open,28.79810444743078,Bakery,45.5048393,-122.6296306,18
"45.5048393,-122.6296306",The Richmond Bar,American (Traditional),3203 SE Division St,$$,4.0,136,Open,224.9721156116989,Cocktail Bar,45.5048393,-122.6296306,18
"45.5048393,-122.6296306",Oma's Hideaway,Asian Fusion,3131 SE Division St,$$,4.0,227,Open,254.21343009752775,Dessert Shop,45.5048393,-122.6296306,18
"45.5048393,-122.6296306",Salt & Straw,Ice Cream & Frozen Yogurt,3345 SE Division St,$$,4.5,1544,Open,75.4894264427246,Ice Cream Parlor,45.5048393,-122.6296306,18
"45.50468892,-122.6345551",PDX Sliders,Burgers,3111 SE Division St,$$,4.5,483,Open,83.82756764976182,Burger Joint,45.50468892,-122.6345551,18
"45.50468892,-122.6345551",Mestizo,Latin American,2910 SE Division St,$$,4.5,168,Open,70.71259253696384,Bar,45.50468892,-122.6345551,18
"45.50468892,-122.6345551",Bollywood Theater,Indian,3010 SE Division St,$$,4.0,773,Open,11.383393503696666,Indian Restaurant,45.50468892,-122.6345551,18
"45.50468892,-122.6345551",Oma's Hideaway,Asian Fusion,3131 SE Division St,$$,4.0,227,Open,134.40324203027532,Dessert Shop,45.50468892,-122.6345551,18
"45.50468892,-122.6345551",Ava Gene's,American (New),3377 SE Division St,$$$,4.0,733,Open,379.0220817259676,Italian Restaurant,45.50468892,-122.6345551,18
"45.50468892,-122.6345551",The Richmond Bar,American (Traditional),3203 SE Division St,$$,4.0,136,Open,159.76838805011866,Cocktail Bar,45.50468892,-122.6345551,18
"45.50468892,-122.6345551",Salt & Straw,Ice Cream & Frozen Yogurt,3345 SE Division St,$$,4.5,1544,Open,312.01761460595907,Ice Cream Parlor,45.50468892,-122.6345551,18
"45.50971347,-122.6777159",Murata Restaurant,Japanese,200 SW Market St,$$,4.5,394,Open,234.07059026615445,Sushi Restaurant,45.50971347,-122.6777159,18
"45.50971347,-122.6777159",Duck House Chinese Restaurant,Chinese,1968 SW 5th Ave,$$,4.0,999,Open,383.9423222670388,Chinese Restaurant,45.50971347,-122.6777159,18
"45.53550403,-122.7006608",Life of Pie,Pizza,1765 NW 23rd Ave,$$,4.5,254,Open,142.51579076622258,Pizzeria,45.53550403,-122.7006608,18
"45.53550403,-122.7006608",Lela's Bistro,Vietnamese,1524 NW 23rd Ave,$$,4.5,414,Open,253.03189188601985,Vietnamese Restaurant,45.53550403,-122.7006608,18
"45.53409115,-122.6949424",Please Louise,Pizza,1505 NW 21st Ave,$$,4.5,207,Open,53.826847612924645,Bar,45.53409115,-122.6949424,14
"45.53409115,-122.6949424",Breakside Brewery,American (Traditional),1570 NW 22nd Ave,$$,4.0,373,Open,128.20056168006394,Beer Bar,45.53409115,-122.6949424,14
"45.53409115,-122.6949424",Mama Bird,Chicken Shop,2145 NW Raleigh St,$$,4.5,151,Open,52.14795470852335,Wine Bar,45.53409115,-122.6949424,14
"45.53142501,-122.6895659",Please Louise,Pizza,1505 NW 21st Ave,$$,4.5,207,Open,488.2634330727815,Bar,45.53142501,-122.6895659,12
"45.53142501,-122.6895659",Serratto,Italian,2112 NW Kearney St,$$$,4.0,717,Open,483.791300752323,Italian Restaurant,45.53142501,-122.6895659,12
"45.55902314,-122.6355462",Urdaneta,Tapas/Small Plates,3033 NE Alberta St,$$$,4.5,342,Open,118.61143479069742,Tapas Restaurant,45.55902314,-122.6355462,5
"45.55902314,-122.6355462",Dame,Wine Bars,2930 NE Killingsworth St,$$$,4.5,187,Open,392.2687229455409,Wine Bar,45.55902314,-122.6355462,5
"45.56453067,-122.6305372",Dame,Wine Bars,2930 NE Killingsworth St,$$$,4.5,187,Open,425.7348863750522,Wine Bar,45.56453067,-122.6305372,3
"45.55568352,-122.6506644",Tin Shed Garden Cafe,American (New),1438 NE Alberta St,$$,4.5,1965,Open,367.6990704500621,American Restaurant,45.55568352,-122.6506644,3
"45.55568352,-122.6506644",Petite Provence,Bakeries,1824 NE Alberta St,$$,4.5,1415,Open,502.0872869668483,Bakery,45.55568352,-122.6506644,3
"45.55568352,-122.6506644",Bamboo Sushi,Sushi Bars,1409 NE Alberta St,$$,4.0,272,Open,398.6083364284339,Sushi Restaurant,45.55568352,-122.6506644,3
"45.54828551,-122.6508106",The Pocket Pub,Cocktail Bars,2719 NE 7th Ave,$$,4.5,180,Open,905.2298860481108,Cocktail Bar,45.54828551,-122.6508106,6
"45.54828551,-122.6508106",Lucca,Italian,3449 NE 24th Ave,$$,4.0,343,Open,727.2548738290027,Pizzeria,45.54828551,-122.6508106,6
"45.54828551,-122.6508106",Guilder,Coffee Roasteries,2393 NE Fremont St,$,4.5,110,Open,731.8296640537297,Coffee Shop,45.54828551,-122.6508106,6
"45.56251948,-122.6770306",Tulip Shop Tavern,American (Traditional),825 N Killingsworth St,$$,4.0,108,Open,115.97153425448548,Cocktail Bar,45.56251948,-122.6770306,3
"45.56251948,-122.6770306",Sweedeedee,Breakfast & Brunch,5202 N Albina Ave,$$,4.0,558,Open,279.6873838698956,Café,45.56251948,-122.6770306,3
"45.56251948,-122.6770306",Victoria,Cocktail Bars,4835 N Albina Ave,$$,4.0,252,Open,517.4816084977659,Cocktail Bar,45.56251948,-122.6770306,3
"45.56251948,-122.6770306",Saraveza,"Beer, Wine & Spirits",1004 N Killingsworth St,$$,4.0,302,Open,13.820537766423692,Wine Bar,45.56251948,-122.6770306,3
"45.55522233,-122.6818612",Pinky's Pizza,Pizza,3990 N Interstate Ave,$$,4.5,279,Open,372.1917392465401,Pizzeria,45.55522233,-122.6818612,18
"45.55522233,-122.6818612",Fire on the Mountain,Barbeque,4225 N Interstate Ave,$$,3.5,504,Open,123.1273256023173,BBQ Joint,45.55522233,-122.6818612,18
"45.55522233,-122.6818612",Interurban,Bars,4057 N Mississippi Ave,$$,4.0,556,Open,539.318596682409,Lounge,45.55522233,-122.6818612,18
"45.55522233,-122.6818612",Matt's BBQ,Food Trucks,4233 N Mississippi Ave,$$,4.5,618,Open,478.8213748003592,BBQ Joint,45.55522233,-122.6818612,18
"45.55522233,-122.6818612",Prost,Pubs,4237 N Mississippi Ave,$$,4.0,516,Open,483.0136270099464,Beer Garden,45.55522233,-122.6818612,18
"45.52649493,-122.6416328",Screen Door Eastside,Southern,2337 E Burnside St,$$,4.5,8387,Open,379.0953728900285,American Restaurant,45.52649493,-122.6416328,12
"45.52649493,-122.6416328",Han Oak,Korean,511 NE 24th Ave,$$$$,4.0,330,Open,34.90872482129599,Korean Restaurant,45.52649493,-122.6416328,12
"45.52649493,-122.6416328",Stammtisch,German,401 NE 28th Ave,$$,4.5,517,Open,337.8153785864992,Gastropub,45.52649493,-122.6416328,12
"45.52649493,-122.6416328",Pambiche,Cuban,2811 NE Glisan St,$$,4.0,1635,Open,367.04680885928633,Ice Cream Parlor,45.52649493,-122.6416328,12
"45.52649493,-122.6416328",Culmination Brewing,Breweries,2117 NE Oregon St,$$,4.5,183,Open,322.2476158534058,Bar,45.52649493,-122.6416328,12
"45.52649493,-122.6416328",Dove Vivi,Pizza,2727 NE Glisan St,$$,4.0,578,Open,318.12518304770714,Pizzeria,45.52649493,-122.6416328,12
"45.52649493,-122.6416328",The Pie Spot,Desserts,521 NE 24th Ave,$,4.5,572,Open,45.74727287018872,Bakery,45.52649493,-122.6416328,12
"45.55458563,-122.6755413",Interurban,Bars,4057 N Mississippi Ave,$$,4.0,556,Open,179.99018335315506,Lounge,45.55458563,-122.6755413,12
"45.55458563,-122.6755413",Matt's BBQ,Food Trucks,4233 N Mississippi Ave,$$,4.5,618,Open,32.391994110494615,BBQ Joint,45.55458563,-122.6755413,12
"45.55458563,-122.6755413",Prost,Pubs,4237 N Mississippi Ave,$$,4.0,516,Open,16.65470592223499,Beer Garden,45.55458563,-122.6755413,12
"45.55941042,-122.6685226",Victoria,Cocktail Bars,4835 N Albina Ave,$$,4.0,252,Open,546.3455300618135,Cocktail Bar,45.55941042,-122.6685226,18
"45.52487653,-122.6965141",RingSide Steakhouse,Steakhouses,2165 W Burnside St,$$$,4.0,1047,Open,161.86985895141208,American Restaurant,45.52487653,-122.6965141,18
"45.52487653,-122.6965141",Elephants Delicatessen,Soup,115 NW 22nd Ave,$$,4.5,842,Open,101.73573526479458,Deli,45.52487653,-122.6965141,18
"45.52487653,-122.6965141",Ken's Artisan Bakery,Bakeries,338 NW 21st Ave,$,4.5,915,Open,189.6128707361572,Bakery,45.52487653,-122.6965141,18
"45.53508224,-122.6505639",Blossoming Lotus,Vegan,1713 NE 15th Ave,$$,4.5,1305,Open,50.79203397131071,Vegan and Vegetarian Restaurant,45.53508224,-122.6505639,12
"45.53508224,-122.6505639",Taste Tickler,Sandwiches,1704 NE 14th Ave,$,4.5,395,Open,63.600811796142615,Diner,45.53508224,-122.6505639,12
"45.53508224,-122.6505639",Koji Osakaya Japanese Restaurant,Japanese,1502 NE Weidler St,$$,3.5,161,Open,101.3887963325396,Sushi Restaurant,45.53508224,-122.6505639,12
"45.53508224,-122.6505639",Milo's City Cafe,American (Traditional),1325 NE Broadway St,$$,4.0,486,Open,101.15073781395245,Burger Joint,45.53508224,-122.6505639,12
"45.51936283,-122.6359928",Ken's Artisan Pizza,Pizza,304 SE 28th Ave,$$,4.5,893,Open,166.12708917547684,Pizzeria,45.51936283,-122.6359928,17
"45.51936283,-122.6359928",Baby Doll Pizza,Pizza,2835 SE Stark St,$$,4.5,522,Open,41.08627954072502,Pizzeria,45.51936283,-122.6359928,17
"45.51936283,-122.6359928",Cheese & Crack Snack Shop,Cheese Shops,22 SE 28th Ave,$$,4.5,547,Open,354.03043559934554,American Restaurant,45.51936283,-122.6359928,17
"45.5033655,-122.6447314",Yama Sushi & Izakaya,Sushi Bars,2038 SE Clinton St,$$,4.0,513,Open,3.4781640776889065,Tapas Restaurant,45.5033655,-122.6447314,18
"45.5033655,-122.6447314",Jacqueline,Cocktail Bars,2039 SE Clinton St,$$,4.5,381,Open,17.803834110254886,Cocktail Bar,45.5033655,-122.6447314,18
"45.5033655,-122.6447314",Nuestra Cocina,Mexican,2135 SE Division St,$$,4.5,621,Open,196.77059572076476,Latin American Restaurant,45.5033655,-122.6447314,18
"45.5033655,-122.6447314",Fifty Licks,Ice Cream & Frozen Yogurt,2021 SE Clinton St,$$,4.5,569,Open,36.79109132226628,Ice Cream Parlor,45.5033655,-122.6447314,18
"45.5033655,-122.6447314",Reel M Inn,American (Traditional),2430 SE Division St,$$,4.0,412,Open,354.60840077500035,Dive Bar,45.5033655,-122.6447314,18
"45.51636144,-122.6460457",Nostrana,Italian,1401 SE Morrison St,$$$,4.0,1130,Open,426.207490459899,Pizzeria,45.51636144,-122.6460457,12
"45.51636144,-122.6460457",Mirisata,Sri Lankan,2420 SE Belmont St,$$,4.5,164,Open,393.4078393917888,Sri Lankan Restaurant,45.51636144,-122.6460457,12
"45.51636144,-122.6460457",Pad Thai Kitchen,Thai,2309 SE Belmont St,$$,4.0,532,Open,303.119283370598,Thai Restaurant,45.51636144,-122.6460457,12
"45.51636144,-122.6460457",Devil's Dill Sandwich Shop,Sandwiches,1711 SE Hawthorne Blvd,$$,4.5,381,Open,481.2846758073051,Sandwich Spot,45.51636144,-122.6460457,12
"45.5627419,-122.6889932",The Old Gold,Bars,2105 N Killingsworth St,$$,4.0,201,Open,23.528273013952152,Whisky Bar,45.5627419,-122.6889932,5
"45.5627419,-122.6889932",Backyard Social,Venues & Event Spaces,1914 N Killingsworth St,$$,4.5,112,Open,171.45238306084337,Beer Garden,45.5627419,-122.6889932,5
"45.5627419,-122.6889932",The Stacks Coffeehouse,Coffee & Tea,1831 N Killingsworth St,,4.5,52,Open,216.73529901959543,Coffee Shop,45.5627419,-122.6889932,5
"45.5627419,-122.6889932",Mee Dee Thai Cuisine,Thai,2731 N Killingsworth St,$$,4.0,132,Open,497.2927637368465,Thai Restaurant,45.5627419,-122.6889932,5
"45.5627419,-122.6889932",Blend Coffee Lounge,Coffee & Tea,2710 N Killingsworth St,$,4.5,127,Open,457.1996252261092,Coffee Shop,45.5627419,-122.6889932,5
"45.50936198,-122.6812121",Duck House Chinese Restaurant,Chinese,1968 SW 5th Ave,$$,4.0,999,Open,108.71731195970898,Chinese Restaurant,45.50936198,-122.6812121,12
"45.50936198,-122.6812121",Murata Restaurant,Japanese,200 SW Market St,$$,4.5,394,Open,331.0846099409527,Sushi Restaurant,45.50936198,-122.6812121,12
"45.56274555,-122.6480594",Hat Yai,Thai,1605 NE Killingsworth St,$$,4.5,690,Open,61.982024155362645,Thai Restaurant,45.56274555,-122.6480594,3
"45.56274555,-122.6480594",Tin Shed Garden Cafe,American (New),1438 NE Alberta St,$$,4.5,1965,Open,471.96480275594695,American Restaurant,45.56274555,-122.6480594,3
"45.56274555,-122.6480594",Petite Provence,Bakeries,1824 NE Alberta St,$$,4.5,1415,Open,448.1468938075616,Bakery,45.56274555,-122.6480594,3
"45.56271655,-122.6350486",Dame,Wine Bars,2930 NE Killingsworth St,$$$,4.5,187,Open,23.07409334275696,Wine Bar,45.56271655,-122.6350486,8
"45.56271655,-122.6350486",Urdaneta,Tapas/Small Plates,3033 NE Alberta St,$$$,4.5,342,Open,399.34463011283646,Tapas Restaurant,45.56271655,-122.6350486,8
"45.52279251,-122.6566163",Scotch Lodge,Cocktail Bars,215 SE 9th Ave,$$,4.5,157,Open,161.74362853976186,Cocktail Bar,45.52279251,-122.6566163,14
"45.52279251,-122.6566163",Hey Love,Breakfast & Brunch,920 E Burnside St,$$,4.0,349,Open,29.94494905036436,Cocktail Bar,45.52279251,-122.6566163,14
"45.52279251,-122.6566163",Noble Rot,Wine Bars,1111 E Burnside St,$$$,4.0,700,Open,166.88310148575928,Wine Bar,45.52279251,-122.6566163,14
"45.52279251,-122.6566163",Bar Casa Vale,Tapas Bars,215 SE 9th Ave,$$$,4.0,230,Open,162.98128977592063,Cocktail Bar,45.52279251,-122.6566163,14
"45.52279251,-122.6566163",Doug Fir Lounge,American (Traditional),830 E Burnside St,$$,3.5,1026,Open,23.359215497236587,Music Venue,45.52279251,-122.6566163,14
"45.52279251,-122.6566163",Dimo's Apizza,Pizza,701 E Burnside St,$$,4.0,137,Open,152.89766362897325,Pizzeria,45.52279251,-122.6566163,14
"45.51186486,-122.6210475",The Waffle Window,Breakfast & Brunch,3610 SE Hawthorne Blvd,$$,4.5,1867,Open,421.338191927758,Fast Food Restaurant,45.51186486,-122.6210475,8
"45.51186486,-122.6210475",Harlow,Vegan,3632 SE Hawthorne Blvd,$$,4.0,982,Open,387.32179214113626,Burger Joint,45.51186486,-122.6210475,8
"45.53400578,-122.6555675",Blossoming Lotus,Vegan,1713 NE 15th Ave,$$,4.5,1305,Open,404.3062670816761,Vegan and Vegetarian Restaurant,45.53400578,-122.6555675,8
"45.53400578,-122.6555675",Taste Tickler,Sandwiches,1704 NE 14th Ave,$,4.5,395,Open,354.09873084541493,Diner,45.53400578,-122.6555675,8
"45.53400578,-122.6555675",Milo's City Cafe,American (Traditional),1325 NE Broadway St,$$,4.0,486,Open,327.87049510513646,Burger Joint,45.53400578,-122.6555675,8
"45.53966541,-122.6118851",Zien Hong,Chinese,5314 NE Sandy Blvd,$$,4.0,481,Open,271.93630252052554,Chinese Restaurant,45.53966541,-122.6118851,8
"45.53966541,-122.6118851",Killer Burger,Burgers,4644 NE Sandy Blvd,$$,4.0,880,Open,310.6146990920934,Burger Joint,45.53966541,-122.6118851,8
"45.53966541,-122.6118851",Du's Grill,Japanese,5365 NE Sandy Blvd,$$,4.5,481,Open,351.86424529614146,BBQ Joint,45.53966541,-122.6118851,8
"45.5559258,-122.6008129",Cully Central,Beer Gardens,4579 NE Cully Blvd,$$,5.0,208,Open,79.49296208201072,Beer Garden,45.5559258,-122.6008129,8
"45.5559258,-122.6008129",Angel Food & Fun,Mexican,5135 NE 60th Ave,$,4.5,186,Open,463.4892402250752,Mexican Restaurant,45.5559258,-122.6008129,8
"45.5559258,-122.6008129",Fire On The Mountain,Barbeque,3443 NE 57th Ave,$$,3.5,599,Open,936.46923045878,Pizzeria,45.5559258,-122.6008129,8
"45.5559258,-122.6008129",Bison Coffee House,Coffee & Tea,3941 NE Cully Blvd,$,4.5,158,Open,533.988401243542,Coffee Shop,45.5559258,-122.6008129,8
"45.55836114,-122.6203609",Pizza Jerk,Pizza,5028 NE 42nd Ave,$$,3.5,277,Open,115.74893082540672,Pizzeria,45.55836114,-122.6203609,8
"45.55836114,-122.6203609",Santo Domingo Taqueria,Mexican,5447 NE 42nd Ave,$,4.0,161,Open,468.7146360719101,Mexican Restaurant,45.55836114,-122.6203609,8
"45.52646211,-122.6093034",Tabor Tavern,American (New),5325 E Burnside St,$$,4.0,628,Open,391.7613858871978,Bar,45.52646211,-122.6093034,8
"45.52646211,-122.6093034",Wajan,Indonesian,4611 E Burnside St,$$,4.5,251,Open,588.7096845725252,Indonesian Restaurant,45.52646211,-122.6093034,8
"45.52646211,-122.6093034",Big's Chicken,Chicken Wings,4606 NE Glisan St,$$,4.0,155,Open,478.79739132487214,Fried Chicken Joint,45.52646211,-122.6093034,8
"45.52646211,-122.6093034",American Dream Pizza,Pizza,4620 NE Glisan St,$$,3.5,297,Open,461.5647884406504,Pizzeria,45.52646211,-122.6093034,8
"45.52181825,-122.7044079",Elephants Delicatessen,Soup,115 NW 22nd Ave,$$,4.5,842,Open,647.6644711137922,Deli,45.52181825,-122.7044079,10
"45.52181825,-122.7044079",Portland Japanese Garden,Botanical Gardens,611 SW Kingston Ave,,4.5,1313,Open,414.8571506661272,Botanical Garden,45.52181825,-122.7044079,10
"45.52181825,-122.7044079",International Rose Test Garden,Botanical Gardens,400 SW Kingston Ave,,4.5,828,Open,329.4852713975585,Park,45.52181825,-122.7044079,10
"45.52862062,-122.6905073",Serratto,Italian,2112 NW Kearney St,$$$,4.0,717,Open,331.44892185078595,Italian Restaurant,45.52862062,-122.6905073,15
"45.52862062,-122.6905073",Bantam Tavern,Brewpubs,922 NW 21st Ave,$$,4.5,83,Open,318.83129502527817,Cocktail Bar,45.52862062,-122.6905073,15
"45.56250716,-122.5943702",Cully Central,Beer Gardens,4579 NE Cully Blvd,$$,5.0,208,Open,807.99244923053,Beer Garden,45.56250716,-122.5943702,8
"45.56250716,-122.5943702",Angel Food & Fun,Mexican,5135 NE 60th Ave,$,4.5,186,Open,589.9421697064994,Mexican Restaurant,45.56250716,-122.5943702,8
"45.56250716,-122.5943702",Colwood Golf Center,Golf,7313 NE Columbia Blvd,,3.5,35,Open,729.8995063857725,Golf Course,45.56250716,-122.5943702,8
"45.56250716,-122.5943702",Starbucks,Coffee & Tea,6020 NE Columbia Blvd,$$,3.5,17,Open,810.485528429111,Coffee Shop,45.56250716,-122.5943702,8
"45.53677138,-122.61884",Moon & Sixpence British Pub,Pubs,2014 NE 42nd Ave,$$,4.0,230,Open,88.62482565782767,Lounge,45.53677138,-122.61884,4
"45.53677138,-122.61884",Doe Donuts,Donuts,4110 NE Sandy Blvd,$,4.5,744,Open,244.78127652474728,Donut Shop,45.53677138,-122.61884,4
"45.53677138,-122.61884",Sizzle Pie,Pizza,4144 NE Sandy Blvd,$,3.5,95,Open,173.1437094464326,Pizzeria,45.53677138,-122.61884,4
"45.49787392,-122.6375156",Rudy's Gourmet Pizza,Pizza,2443 SE Powell Blvd,$$,4.0,458,Open,269.44906168871506,Pizzeria,45.49787392,-122.6375156,6
"45.49787392,-122.6375156",Rocio's,Mexican,2850 SE Gladstone St,$$,4.0,335,Open,529.0566679938297,Cocktail Bar,45.49787392,-122.6375156,6
"45.53689808,-122.6199692",Moon & Sixpence British Pub,Pubs,2014 NE 42nd Ave,$$,4.0,230,Open,53.50281634022999,Lounge,45.53689808,-122.6199692,7
"45.53689808,-122.6199692",Doe Donuts,Donuts,4110 NE Sandy Blvd,$,4.5,744,Open,201.8255652818613,Donut Shop,45.53689808,-122.6199692,7
"45.53689808,-122.6199692",Sizzle Pie,Pizza,4144 NE Sandy Blvd,$,3.5,95,Open,133.31020970696167,Pizzeria,45.53689808,-122.6199692,7
"45.51556831,-122.6738924",Killer Burger,Burgers,510 SW 3rd Ave,$$,4.0,878,Open,453.0160398098864,Bar,45.51556831,-122.6738924,18
"45.50350608,-122.6110657",Petite Provence,French,4834 SE Division St,$$,4.0,701,Open,199.81989076182344,Bakery,45.50350608,-122.6110657,5
"45.5301398,-122.6546824",Gather Food & Drink,Lounges,1000 NE Multnomah St,$$,3.5,83,Open,98.5664525967972,Cocktail Bar,45.5301398,-122.6546824,12
"45.5301398,-122.6546824",Blossoming Lotus,Vegan,1713 NE 15th Ave,$$,4.5,1305,Open,666.9619652470054,Vegan and Vegetarian Restaurant,45.5301398,-122.6546824,12
"45.49334301,-122.6369745",Rocio's,Mexican,2850 SE Gladstone St,$$,4.0,335,Open,52.99423190337279,Cocktail Bar,45.49334301,-122.6369745,5
"45.49334301,-122.6369745",Yoko's Japanese Restaurant,Japanese,2878 SE Gladstone St,$$,4.0,402,Open,73.06115630439211,Sushi Restaurant,45.49334301,-122.6369745,5
"45.52500056,-122.6811048",Deschutes Brewery Portland Public House,Brewpubs,210 NW 11th Ave,$$,4.0,3487,Open,72.90008384970405,Bar,45.52500056,-122.6811048,16
"45.52500056,-122.6811048",Mediterranean Exploration Company,Mediterranean,333 NW 13th Ave,$$,4.5,951,Open,269.3322860192369,Mediterranean Restaurant,45.52500056,-122.6811048,16
"45.51782551,-122.6724963",Lechon,Tapas Bars,113 SW Naito Pkwy,$$$,4.5,1825,Open,411.748820738102,American Restaurant,45.51782551,-122.6724963,18
"45.51782551,-122.6724963",Portland Burger,Burgers,304 SW 2nd Ave,$$,4.5,629,Open,290.3245850284296,Beer Bar,45.51782551,-122.6724963,18
"45.51782551,-122.6724963",Killer Burger,Burgers,510 SW 3rd Ave,$$,4.0,878,Open,276.72706163343463,Bar,45.51782551,-122.6724963,18
"45.51889487,-122.6774061",Killer Burger,Burgers,510 SW 3rd Ave,$$,4.0,878,Open,198.69722454215184,Bar,45.51889487,-122.6774061,20
"45.52269573,-122.6703492",Lechon,Tapas Bars,113 SW Naito Pkwy,$$$,4.5,1825,Open,155.95250801205793,American Restaurant,45.52269573,-122.6703492,18
"45.52269573,-122.6703492",Portland Burger,Burgers,304 SW 2nd Ave,$$,4.5,629,Open,325.2319559767206,Beer Bar,45.52269573,-122.6703492,18
"45.51803412,-122.6755071",Killer Burger,Burgers,510 SW 3rd Ave,$$,4.0,878,Open,173.7632431095976,Bar,45.51803412,-122.6755071,12
"45.51803412,-122.6755071",Portland Burger,Burgers,304 SW 2nd Ave,$$,4.5,629,Open,330.7362995839392,Beer Bar,45.51803412,-122.6755071,12
"45.5211726,-122.6763654",Lechon,Tapas Bars,113 SW Naito Pkwy,$$$,4.5,1825,Open,436.9026044344859,American Restaurant,45.5211726,-122.6763654,18
"45.5211726,-122.6763654",Portland Burger,Burgers,304 SW 2nd Ave,$$,4.5,629,Open,278.024436096203,Beer Bar,45.5211726,-122.6763654,18
"45.5211726,-122.6763654",Killer Burger,Burgers,510 SW 3rd Ave,$$,4.0,878,Open,206.6963596240649,Bar,45.5211726,-122.6763654,18
"45.52247868,-122.6732969",Lechon,Tapas Bars,113 SW Naito Pkwy,$$$,4.5,1825,Open,235.6235878845715,American Restaurant,45.52247868,-122.6732969,18
"45.52247868,-122.6732969",Portland Burger,Burgers,304 SW 2nd Ave,$$,4.5,629,Open,230.84135477860647,Beer Bar,45.52247868,-122.6732969,18
"45.5120668,-122.6536974",Grassa,Italian,1375 SE Hawthorne Blvd,$$,4.0,139,Open,144.9315492673358,Italian Restaurant,45.5120668,-122.6536974,7
"45.5120668,-122.6536974",Pyro Pizza,Pizza,1207 SE Hawthorne Blvd,$,4.5,377,Open,46.26515177641853,Pizzeria,45.5120668,-122.6536974,7
"45.5200329,-122.7061544",Portland Japanese Garden,Botanical Gardens,611 SW Kingston Ave,,4.5,1313,Open,177.24699036855097,Botanical Garden,45.5200329,-122.7061544,9
"45.5200329,-122.7061544",International Rose Test Garden,Botanical Gardens,400 SW Kingston Ave,,4.5,828,Open,91.8467519535482,Park,45.5200329,-122.7061544,9
"45.5041321,-122.5451016",Ez Freezy,Ice Cream & Frozen Yogurt,11904 SE Division St,$,4.0,54,Open,327.70790350144694,Frozen Yogurt Shop,45.5041321,-122.5451016,8
"45.52384,-122.673508",Lechon,Tapas Bars,113 SW Naito Pkwy,$$$,4.5,1825,Open,352.26723987171806,American Restaurant,45.52384,-122.673508,7
"45.52384,-122.673508",Portland Burger,Burgers,304 SW 2nd Ave,$$,4.5,629,Open,383.1029750656103,Beer Bar,45.52384,-122.673508,7
"45.526473,-122.6026943",Tabor Tavern,American (New),5325 E Burnside St,$$,4.0,628,Open,587.1157095719343,Bar,45.526473,-122.6026943,7
"45.5891923,-122.7389314",Big Kahuna's BBQ & Catering,Hawaiian,7123 N Lombard St,$,4.0,125,Open,222.32452464891517,BBQ Joint,45.5891923,-122.7389314,9
"45.5891923,-122.7389314",Leisure Public House,Pubs,8002 N Lombard St,$,4.5,235,Open,723.9666840990405,Bar,45.5891923,-122.7389314,9
"45.5152252,-122.6783454",Murata Restaurant,Japanese,200 SW Market St,$$,4.5,394,Open,390.2341454554484,Sushi Restaurant,45.5152252,-122.6783454,6
"45.5127694,-122.6834745",Murata Restaurant,Japanese,200 SW Market St,$$,4.5,394,Open,395.8512492885594,Sushi Restaurant,45.5127694,-122.6834745,4
"45.5105937,-122.6854322",Duck House Chinese Restaurant,Chinese,1968 SW 5th Ave,$$,4.0,999,Open,268.0023111935861,Chinese Restaurant,45.5105937,-122.6854322,4
"45.5105937,-122.6854322",Murata Restaurant,Japanese,200 SW Market St,$$,4.5,394,Open,545.4502588212389,Sushi Restaurant,45.5105937,-122.6854322,4
"45.5229692,-122.6790213",Deschutes Brewery Portland Public House,Brewpubs,210 NW 11th Ave,$$,4.0,3487,Open,288.858636902434,Bar,45.5229692,-122.6790213,9
"45.5664147,-122.6607857",Breakside Brewery,Gastropubs,820 NE Dekum St,$$,4.0,695,Open,641.8548941976254,Bar,45.5664147,-122.6607857,10
"45.5664147,-122.6607857",Popeyes Louisiana Kitchen,Fast Food,5949 NE M L King Blvd,$,3.5,66,Open,90.64284543251974,American Restaurant,45.5664147,-122.6607857,10
"45.5696768,-122.6820685",Nite Hawk Cafe & Lounge,Bars,6423 N Interstate Ave,$$,3.5,163,Open,45.16576465979137,Cocktail Bar,45.5696768,-122.6820685,6
"45.5696768,-122.6820685",El Burrito Azteca,Mexican,1942 N Rosa Parks Way,$,4.0,317,Open,398.53729188659815,Latin American Restaurant,45.5696768,-122.6820685,6
"45.5717805,-122.6564844",Firehouse Restaurant,Pizza,711 NE Dekum St,$$,4.0,475,Open,78.34687640104836,Pizzeria,45.5717805,-122.6564844,7
"45.5717805,-122.6564844",Breakside Brewery,Gastropubs,820 NE Dekum St,$$,4.0,695,Open,45.94347826332388,Bar,45.5717805,-122.6564844,7
"45.5717805,-122.6564844",Tamale Boy,Mexican,1764 NE Dekum St,$,4.5,476,Open,735.7936060780328,Tex-Mex Restaurant,45.5717805,-122.6564844,7
"45.5717805,-122.6564844",P's & Q's Market,Delis,1301 NE Dekum St,$$,4.0,194,Open,388.9747751295291,Grocery Store,45.5717805,-122.6564844,7
"45.5717805,-122.6564844",Tough Luck,Cocktail Bars,1771 NE Dekum St,$$,4.0,99,Open,736.8168608465886,Cocktail Bar,45.5717805,-122.6564844,7
"45.5517567,-122.5398468",Burgerville,Burgers,4229 NE 122nd Ave,$,3.0,70,Open,228.01349523322725,Burger Joint,45.5517567,-122.5398468,9
"45.5517567,-122.5398468",Round Table Pizza,Pizza,4141 NE 122nd Ave,$$,2.5,91,Open,213.7403725206725,Pizzeria,45.5517567,-122.5398468,9
"45.5517567,-122.5398468",7-Eleven,Convenience Stores,4250 NE 122nd Ave,$,2.5,8,Open,309.935394131123,Convenience Store,45.5517567,-122.5398468,9
"45.5627673,-122.6598278",The Bye and Bye,Vegan,1011 NE Alberta St,$$,4.0,925,Open,524.0085895791423,Speakeasy,45.5627673,-122.6598278,2
"45.5590714,-122.646602",Petite Provence,Bakeries,1824 NE Alberta St,$$,4.5,1415,Open,35.63700484756629,Bakery,45.5590714,-122.646602,9
"45.5590714,-122.646602",Pine State Biscuits,Southern,2204 NE Alberta St,$$,4.5,4088,Open,300.9028945440993,American Restaurant,45.5590714,-122.646602,9
"45.5590714,-122.646602",Bollywood Theater,Indian,2039 NE Alberta St,$$,4.0,1043,Open,199.7452143056048,South Indian Restaurant,45.5590714,-122.646602,9
"45.5590714,-122.646602",Salt & Straw,Ice Cream & Frozen Yogurt,2035 NE Alberta St,$$,4.5,1891,Open,193.29726206076816,Ice Cream Parlor,45.5590714,-122.646602,9
"45.5335216,-122.5582468",Siam Grill,Thai,10355 NE Halsey St,$,4.0,228,Open,182.9741455664339,Thai Restaurant,45.5335216,-122.5582468,11
"45.5335216,-122.5582468",Bradford's Sports Lounge,Sports Bars,10346 NE Halsey St,$$,3.0,50,Open,182.19281713940384,Lounge,45.5335216,-122.5582468,11
"45.5335216,-122.5582468",El Indio,Mexican,11114 NE Halsey St,$$,3.5,275,Open,773.803134545954,Mexican Restaurant,45.5335216,-122.5582468,11
"45.5335216,-122.5582468",Clamity Jae's,American (Traditional),10805 NE Halsey St,$,3.0,67,Open,562.6766904513069,Bar,45.5335216,-122.5582468,11
"45.576983,-122.6819395",Casa Zoraya,Peruvian,841 N Lombard St,$$,4.5,177,Open,485.9416037421227,Peruvian Restaurant,45.576983,-122.6819395,5
"45.576983,-122.6819395",Tiny Bubble Room,Cocktail Bars,2025 N Lombard St,$$,4.0,65,Open,444.23091878188455,Cocktail Bar,45.576983,-122.6819395,5
"45.576983,-122.6819395",Mi Burrito,Mexican,819 N Lombard St,$,4.5,228,Open,516.4825981354334,Fast Food Restaurant,45.576983,-122.6819395,5
"45.5477847,-122.6812779",Pinky's Pizza,Pizza,3990 N Interstate Ave,$$,4.5,279,Open,472.0330478090618,Pizzeria,45.5477847,-122.6812779,6
"45.5477847,-122.6812779",Stormbreaker Brewing,Breweries,832 N Beech St,$$,4.0,421,Open,510.6132086247735,Bar,45.5477847,-122.6812779,6
"45.4950271,-122.6076627",An Xuyen Bakery,Bakeries,5345 SE Foster Rd,$,4.5,516,Open,31.83228575506526,Bakery,45.4950271,-122.6076627,3
"45.4950271,-122.6076627",Nayar Taqueria,Mexican,5919 SE Foster Rd,$$,4.5,328,Open,515.3959762190321,Mexican Restaurant,45.4950271,-122.6076627,3
"45.4950271,-122.6076627",The Egg Carton,Food Stands,5205 SE Foster Rd,$,4.5,165,Open,125.48449275569249,Breakfast Spot,45.4950271,-122.6076627,3
"45.4950271,-122.6076627",Slingshot Lounge,Lounges,5532 SE Center St,$,4.0,280,Open,222.3203784868973,Cocktail Bar,45.4950271,-122.6076627,3
"45.5140185,-122.5642134",Sayler's Old Country Kitchen,Steakhouses,10519 SE Stark St,$$$,4.0,876,Open,914.5823700980606,American Restaurant,45.5140185,-122.5642134,5
"45.5140185,-122.5642134",Elmer's Restaurant,Breakfast & Brunch,9660 SE Stark St,$$,4.0,209,Open,535.3360990612821,Diner,45.5140185,-122.5642134,5
"45.5140185,-122.5642134",Coffee's On,Coffee & Tea,9738 SE Washington St,$,4.0,40,Open,433.5826164150041,Coffee Shop,45.5140185,-122.5642134,5
"45.5140185,-122.5642134",Stark Street Pizza Company,Pizza,9234 SE Stark St,$$,3.5,237,Open,604.9074270678352,Pizzeria,45.5140185,-122.5642134,5
"45.5311,-122.56249",Muchas Gracias Mexican Food,Tacos,1307 NE 102nd Ave,$,3.0,105,Open,295.3560282892983,Mexican Restaurant,45.5311,-122.56249,8
"45.5311,-122.56249",Siam Grill,Thai,10355 NE Halsey St,$,4.0,228,Open,593.997537012829,Thai Restaurant,45.5311,-122.56249,8
"45.5311,-122.56249",Wingstop,Chicken Wings,1307 NE 102nd Ave,,2.5,40,Open,338.24028957515526,Fast Food Restaurant,45.5311,-122.56249,8
"45.5311,-122.56249",Starbucks,Coffee & Tea,1111 NE 102nd Ave,,1.0,2,Open,185.05702226754784,Coffee Shop,45.5311,-122.56249,8
"45.5311,-122.56249",Bradford's Sports Lounge,Sports Bars,10346 NE Halsey St,$$,3.0,50,Open,569.8343160716031,Lounge,45.5311,-122.56249,8
"45.5653576,-122.5887471",Lakeside Bar & Grill,American (Traditional),6233 NE 78th Ct,$$,4.0,74,Open,644.7078506614304,Bar,45.5653576,-122.5887471,5
"45.5653576,-122.5887471",Colwood Golf Center,Golf,7313 NE Columbia Blvd,,3.5,35,Open,193.68767960422636,Golf Course,45.5653576,-122.5887471,5
"45.5653576,-122.5887471",Starbucks,Coffee & Tea,6020 NE Columbia Blvd,$$,3.5,17,Open,969.219691550272,Coffee Shop,45.5653576,-122.5887471,5
"45.5191725,-122.5822778",The Observatory,American (New),8115 SE Stark St,$$,4.5,2278,Open,160.87375193816146,Lounge,45.5191725,-122.5822778,6
"45.5191725,-122.5822778",Redwood,American (Traditional),7915 SE Stark St,$$,4.5,436,Open,21.622198089073223,Cocktail Bar,45.5191725,-122.5822778,6
"45.5191725,-122.5822778",Ya Hala Lebanese Cuisine,Lebanese,8005 SE Stark St,$$,3.5,535,Open,82.31844263791882,Lebanese Restaurant,45.5191725,-122.5822778,6
"45.5191725,-122.5822778",Bipartisan Cafe,Desserts,7901 SE Stark St,$,4.0,371,Open,13.64023056255142,Coffee Shop,45.5191725,-122.5822778,6
"45.5191725,-122.5822778",Roscoe's,Dive Bars,8105 SE Stark St,$$,4.0,364,Open,151.19641423088746,Beer Bar,45.5191725,-122.5822778,6
"45.5191725,-122.5822778",Hungry Heart PDX,Ice Cream & Frozen Yogurt,414 SE 80th Ave,,5.0,32,Open,82.83243977049491,Bakery,45.5191725,-122.5822778,6
"45.584012,-122.6867319",Swift and Union,Burgers,8103 N Denver Ave,$$,4.0,461,Open,251.24741674279184,Burger Joint,45.584012,-122.6867319,9
"45.584012,-122.6867319",Parkside,Pubs,2135 N Willis Blvd,$$,5.0,75,Open,176.36469965307373,Bar,45.584012,-122.6867319,9
"45.584012,-122.6867319",Tiny Bubble Room,Cocktail Bars,2025 N Lombard St,$$,4.0,65,Open,752.498244147772,Cocktail Bar,45.584012,-122.6867319,9
"45.584012,-122.6867319",Paul Bunyan Statue,Landmarks & Historical Buildings,8433 N Interstate Ave,,4.5,47,Open,20.906337604711734,Monument,45.584012,-122.6867319,9
"45.584012,-122.6867319",Kenton Park,Parks,8417 N Brandon Ave,,4.0,10,Open,204.05866164021495,Park,45.584012,-122.6867319,9
"45.5664345,-122.6205956",Santo Domingo Taqueria,Mexican,5447 NE 42nd Ave,$,4.0,161,Open,429.9280848489116,Mexican Restaurant,45.5664345,-122.6205956,5
"45.5664345,-122.6205956",Pizza Jerk,Pizza,5028 NE 42nd Ave,$$,3.5,277,Open,783.399996582056,Pizzeria,45.5664345,-122.6205956,5
"45.5664345,-122.6205956",Ole Frijole,Mexican,4125 NE Killingsworth St,$,4.0,165,Open,378.2015552241264,Mexican Restaurant,45.5664345,-122.6205956,5
"45.5664345,-122.6205956",Miss Zumstein,Coffee & Tea,5027 NE 42nd Ave,$,4.5,114,Open,784.5369076662407,Bakery,45.5664345,-122.6205956,5
"45.5664345,-122.6205956",Dutch Bros Coffee,Coffee & Tea,4721 NE Columbia Blvd,$,4.5,62,Open,750.8242967701924,"Cafe, Coffee, and Tea House",45.5664345,-122.6205956,5
"45.5760937,-122.7290524",Twilight Room,Dive Bars,5242 N Lombard St,$$,3.5,117,Open,805.1112433030597,Dive Bar,45.5760937,-122.7290524,5
"45.53577751,-122.620613",Sizzle Pie,Pizza,4144 NE Sandy Blvd,$,3.5,95,Open,5.818429786201462,Pizzeria,45.53577751,-122.620613,12
"45.53577751,-122.620613",Moon & Sixpence British Pub,Pubs,2014 NE 42nd Ave,$$,4.0,230,Open,187.66076022404764,Lounge,45.53577751,-122.620613,12
"45.53577751,-122.620613",Doe Donuts,Donuts,4110 NE Sandy Blvd,$,4.5,744,Open,69.28091204103598,Donut Shop,45.53577751,-122.620613,12
"45.5103826,-122.6672484",Shalom Y'all Restaurant,Middle Eastern,117 SE Taylor St,$$,4.5,346,Open,590.4775216952071,Israeli Restaurant,45.5103826,-122.6672484,7
"45.5103826,-122.6672484",Dough Zone - Downtown Portland,Dim Sum,1910 S River Dr,$$,4.0,604,Open,474.5210012456005,Dumpling Restaurant,45.5103826,-122.6672484,7
"45.5554316,-122.5890544",Cameo Cafe,Breakfast & Brunch,8111 NE Sandy Blvd,$$,4.0,563,Open,824.5025205153139,Diner,45.5554316,-122.5890544,5
"45.5554316,-122.5890544",Park City Pub,Pubs,8025 NE Sandy Blvd,$,4.0,111,Open,780.9219633964461,Cocktail Bar,45.5554316,-122.5890544,5
"45.5842278,-122.7460359",Cathedral Coffee,Coffee & Tea,7530 N Willamette Blvd,$,4.5,248,Open,25.953344226273018,Bakery,45.5842278,-122.7460359,7
"45.5842278,-122.7460359",Leisure Public House,Pubs,8002 N Lombard St,$,4.5,235,Open,568.7915877660823,Bar,45.5842278,-122.7460359,7
"45.5482433,-122.6409548",Lucca,Italian,3449 NE 24th Ave,$$,4.0,343,Open,44.508550431895685,Pizzeria,45.5482433,-122.6409548,5
"45.5482433,-122.6409548",Guilder,Coffee Roasteries,2393 NE Fremont St,$,4.5,110,Open,40.58953323332913,Coffee Shop,45.5482433,-122.6409548,5
"45.5482433,-122.6409548",Caffe Destino,Coffee & Tea,1339 NE Fremont St,$,4.0,88,Open,857.5024465015589,Café,45.5482433,-122.6409548,5
"45.5130553,-122.6877767",Duck House Chinese Restaurant,Chinese,1968 SW 5th Ave,$$,4.0,999,Open,586.3582231509433,Chinese Restaurant,45.5130553,-122.6877767,3
"45.4994679,-122.6854443",Starbucks,Coffee & Tea,700 SW Campus Dr,$,3.0,20,Open,181.93406015342308,Coffee Shop,45.4994679,-122.6854443,9
"45.5604984,-122.6621038",The Bye and Bye,Vegan,1011 NE Alberta St,$$,4.0,925,Open,552.2249682195351,Speakeasy,45.5604984,-122.6621038,3
"45.5604984,-122.6621038",Radio Room,American (New),1101 NE Alberta St,$$,3.5,777,Open,620.6579622780381,Bar,45.5604984,-122.6621038,3
"45.4902606,-122.5785721",Gyro House Mediterranean Grill,Mediterranean,8140 SE Cora St,$,4.0,365,Open,103.1823731536496,Mediterranean Restaurant,45.4902606,-122.5785721,5
"45.4902606,-122.5785721",Wingstop,Chicken Wings,4124 SE 82nd Ave,$$,3.5,169,Open,279.9215673862799,Fast Food Restaurant,45.4902606,-122.5785721,5
"45.5237418,-122.6703424",Lechon,Tapas Bars,113 SW Naito Pkwy,$$$,4.5,1825,Open,270.90039268853764,American Restaurant,45.5237418,-122.6703424,6
"45.5237418,-122.6703424",Portland Burger,Burgers,304 SW 2nd Ave,$$,4.5,629,Open,422.4899593843337,Beer Bar,45.5237418,-122.6703424,6
"45.5739428,-122.7203393",East Side Delicatessen,Delis,4823 N Lombard St,$,4.0,247,Open,765.5125837042671,Deli,45.5739428,-122.7203393,3
"45.5420646,-122.6308254",Gado Gado,Indonesian,1801 NE Cesar E Chavez Blvd,$$,4.0,260,Open,905.5390089960506,Chinese Restaurant,45.5420646,-122.6308254,5
"45.5420646,-122.6308254",Nicholas Restaurant,Mediterranean,3223 NE Broadway St,$$,4.0,482,Open,759.2280633362475,American Restaurant,45.5420646,-122.6308254,5
"45.5699526,-122.695712",El Burrito Azteca,Mexican,1942 N Rosa Parks Way,$,4.0,317,Open,663.9857016012975,Latin American Restaurant,45.5699526,-122.695712,5
"45.5699526,-122.695712",Madrona Hill Cafe,Bakeries,5937 N Greeley Ave,$,4.5,65,Open,409.8852818341035,Bakery,45.5699526,-122.695712,5
"45.5225034,-122.557861",Sayler's Old Country Kitchen,Steakhouses,10519 SE Stark St,$$$,4.0,876,Open,404.64270701555137,American Restaurant,45.5225034,-122.557861,9
"45.5225034,-122.557861",Elmer's Restaurant,Breakfast & Brunch,9660 SE Stark St,$$,4.0,209,Open,603.2997193294233,Diner,45.5225034,-122.557861,9
"45.5225034,-122.557861",Heavenly Donuts,Donuts,504 NE 102nd Ave,$,3.5,124,Open,454.2839433860954,Bagel Shop,45.5225034,-122.557861,9
"45.5464321,-122.5933109",Pizzeria Otto,Pizza,6708 NE Sandy Blvd,$$,4.0,373,Open,85.36267851823845,Pizzeria,45.5464321,-122.5933109,10
"45.5464321,-122.5933109",Ohana Hawaiian Cafe,Hawaiian,6320 NE Sandy Blvd,$$,4.0,365,Open,416.3679602888474,Hawaiian Restaurant,45.5464321,-122.5933109,10
"45.5464321,-122.5933109",Pho Corner,Vietnamese,6120 NE Sandy Blvd,$$,4.0,210,Open,564.9142160774987,Vietnamese Restaurant,45.5464321,-122.5933109,10
"45.5590435,-122.6340066",Urdaneta,Tapas/Small Plates,3033 NE Alberta St,$$$,4.5,342,Open,17.066614342434303,Tapas Restaurant,45.5590435,-122.6340066,5
"45.5590435,-122.6340066",Dame,Wine Bars,2930 NE Killingsworth St,$$$,4.5,187,Open,400.28039939454817,Wine Bar,45.5590435,-122.6340066,5
"45.5372206,-122.6875394",Dockside Saloon & Restaurant,Dive Bars,2047 NW Front Ave,$$,4.0,159,Open,89.71898936253042,Dive Bar,45.5372206,-122.6875394,15
"45.5372206,-122.6875394",Please Louise,Pizza,1505 NW 21st Ave,$$,4.5,207,Open,706.6175555240172,Bar,45.5372206,-122.6875394,15
"45.5114539,-122.6856399",Duck House Chinese Restaurant,Chinese,1968 SW 5th Ave,$$,4.0,999,Open,342.5873059120245,Chinese Restaurant,45.5114539,-122.6856399,4
"45.5114539,-122.6856399",Murata Restaurant,Japanese,200 SW Market St,$$,4.5,394,Open,547.8374564019248,Sushi Restaurant,45.5114539,-122.6856399,4
"45.5840852,-122.7194481",Chef Zhao,Asian Fusion,4828 N Lombard St,$$,4.0,207,Open,408.42497599345415,Chinese Restaurant,45.5840852,-122.7194481,6
"45.5840852,-122.7194481",East Side Delicatessen,Delis,4823 N Lombard St,$,4.0,247,Open,377.45845484874445,Deli,45.5840852,-122.7194481,6
"45.5840852,-122.7194481",Drunken Noodle,Thai,5907 N Lombard St,$$,4.0,276,Open,699.085755272548,Thai Restaurant,45.5840852,-122.7194481,6
"45.5840852,-122.7194481",Twilight Room,Dive Bars,5242 N Lombard St,$$,3.5,117,Open,357.3991374854392,Dive Bar,45.5840852,-122.7194481,6
"45.5268753,-122.5377007",Pig-N-Pancake,Breakfast & Brunch,12110 NE Glisan St,$$,3.5,153,Open,143.68747038272733,Diner,45.5268753,-122.5377007,6
"45.5268753,-122.5377007",La Isla Bonita,Mexican,302 NE 122nd Ave,$$,3.5,94,Open,256.81067078852004,Chinese Restaurant,45.5268753,-122.5377007,6
"45.5268753,-122.5377007",Cleary's Restaurant & Spirits,Seafood,12429 NE Glisan St,$$,3.0,23,Open,175.42764542474148,Lounge,45.5268753,-122.5377007,6
"45.5268753,-122.5377007",KFC,Fast Food,12124 NE Glisan St,$,2.0,36,Open,104.9288905668207,Fast Food Restaurant,45.5268753,-122.5377007,6
"45.4863971,-122.5889343",Portland Mercado,Mexican,7238 SE Foster Rd,$$,4.5,179,Open,64.6804348131427,Mexican Restaurant,45.4863971,-122.5889343,12
"45.4863971,-122.5889343",Off The Griddle,Vegan,6526 SE Foster Rd,$$,4.5,941,Open,565.8484833056385,Burger Joint,45.4863971,-122.5889343,12
"45.5445104,-122.5799572",Mekong Bistro,Cambodian,8200 NE Siskiyou St,$$,4.0,229,Open,113.5993898922767,Cambodian Restaurant,45.5445104,-122.5799572,9
"45.5445104,-122.5799572",Pho Oregon Restaurant,Vietnamese,2518 NE 82nd Ave,$$,4.0,759,Open,468.9924794290325,Vietnamese Restaurant,45.5445104,-122.5799572,9
"45.5445104,-122.5799572",El Burrito Loco,Mexican,3126 NE 82nd Ave,$,4.0,137,Open,122.13278741123824,Mexican Restaurant,45.5445104,-122.5799572,9
"45.5445104,-122.5799572",Cameo Cafe,Breakfast & Brunch,8111 NE Sandy Blvd,$$,4.0,563,Open,863.9690633051675,Diner,45.5445104,-122.5799572,9
"45.5445104,-122.5799572",Park City Pub,Pubs,8025 NE Sandy Blvd,$,4.0,111,Open,838.8545310921822,Cocktail Bar,45.5445104,-122.5799572,9
"45.5901519,-122.7547835",Thai Cottage,Thai,8620 N Lombard St,$$,3.5,256,Open,23.40708061887104,Thai Restaurant,45.5901519,-122.7547835,9
"45.5901519,-122.7547835",Homegrown Smoker,Vegan,8638 N Lombard St,$$,4.5,703,Open,45.674075092870034,BBQ Joint,45.5901519,-122.7547835,9
"45.55862047843104,-122.5638759",Elmer's Restaurant,Breakfast & Brunch,10001 NE Sandy Blvd,$$,4.0,411,Open,388.8465929095522,Diner,45.55862047843104,-122.5638759,8
"45.55862047843104,-122.5638759",Jim Dandy Drive-In,American (Traditional),9626 NE Sandy Blvd,$,3.0,113,Open,54.12236742652362,Burger Joint,45.55862047843104,-122.5638759,8
"45.55862047843104,-122.5638759",Escape Bar & Grill,American (New),9004 NE Sandy Blvd,$$,4.0,112,Open,560.4212456130845,Karaoke Bar,45.55862047843104,-122.5638759,8
"45.55862047843104,-122.5638759",Pho Dalat,Vietnamese,10232 NE Sandy Blvd,$,3.5,193,Open,536.2471160281293,Vietnamese Restaurant,45.55862047843104,-122.5638759,8
"45.55862047843104,-122.5638759",Glass House Tavern,Bars,9710 NE Sandy Blvd,$,3.0,25,Open,105.05278946853652,Bar,45.55862047843104,-122.5638759,8
"45.511907,-122.6294804",Farmhouse Kitchen Thai Cuisine,Thai,3354 SE Hawthorne Blvd,$$,4.5,858,Open,28.03039328200958,Thai Restaurant,45.511907,-122.6294804,12
"45.511907,-122.6294804",The Waffle Window,Breakfast & Brunch,3610 SE Hawthorne Blvd,$$,4.5,1867,Open,235.7839908930198,Fast Food Restaurant,45.511907,-122.6294804,12
"45.4970894,-122.686551",Starbucks,Coffee & Tea,700 SW Campus Dr,$,3.0,20,Open,102.03630413044482,Coffee Shop,45.4970894,-122.686551,6
"45.51184309,-122.68372",Duck House Chinese Restaurant,Chinese,1968 SW 5th Ave,$$,4.0,999,Open,303.3323453429952,Chinese Restaurant,45.51184309,-122.68372,23
"45.51184309,-122.68372",Murata Restaurant,Japanese,200 SW Market St,$$,4.5,394,Open,397.6608700576464,Sushi Restaurant,45.51184309,-122.68372,23
"45.5886277,-122.7157775",East Side Delicatessen,Delis,4823 N Lombard St,$,4.0,247,Open,907.0637431760651,Deli,45.5886277,-122.7157775,9
"45.5886277,-122.7157775",Twilight Room,Dive Bars,5242 N Lombard St,$$,3.5,117,Open,930.4070995601317,Dive Bar,45.5886277,-122.7157775,9
"45.5239729,-122.6932457",RingSide Steakhouse,Steakhouses,2165 W Burnside St,$$$,4.0,1047,Open,204.39870685795145,American Restaurant,45.5239729,-122.6932457,18
"45.5239729,-122.6932457",Elephants Delicatessen,Soup,115 NW 22nd Ave,$$,4.5,842,Open,267.71058340259765,Deli,45.5239729,-122.6932457,18
"45.5239729,-122.6932457",Ken's Artisan Bakery,Bakeries,338 NW 21st Ave,$,4.5,915,Open,177.49661617024415,Bakery,45.5239729,-122.6932457,18
"45.5868448,-122.7591351",Homegrown Smoker,Vegan,8638 N Lombard St,$$,4.5,703,Open,493.6888705652583,BBQ Joint,45.5868448,-122.7591351,9
"45.5868448,-122.7591351",Thai Cottage,Thai,8620 N Lombard St,$$,3.5,256,Open,484.5096386059786,Thai Restaurant,45.5868448,-122.7591351,9
"45.5868448,-122.7591351",The Great North,Coffee & Tea,7373 N Burlington Ave,$,4.5,73,Open,525.4972892754636,Bagel Shop,45.5868448,-122.7591351,9
"45.5338491,-122.5470577",El Indio,Mexican,11114 NE Halsey St,$$,3.5,275,Open,114.40979550696576,Mexican Restaurant,45.5338491,-122.5470577,3
"45.5338491,-122.5470577",Gateway Breakfast House,Breakfast & Brunch,11411 NE Halsey St,$$,4.0,391,Open,213.3577841200945,American Restaurant,45.5338491,-122.5470577,3
"45.5338491,-122.5470577",Siam Grill,Thai,10355 NE Halsey St,$,4.0,228,Open,691.9502697162192,Thai Restaurant,45.5338491,-122.5470577,3
"45.5338491,-122.5470577",Clamity Jae's,American (Traditional),10805 NE Halsey St,$,3.0,67,Open,309.6369126841831,Bar,45.5338491,-122.5470577,3
"45.5338491,-122.5470577",Baskin-Robbins,Ice Cream & Frozen Yogurt,11011 NE Halsey St,$$,3.5,14,Open,187.686619497439,Ice Cream Parlor,45.5338491,-122.5470577,3
"45.5220396,-122.537573",Bridge City Taproom,Sports Bars,620 SE 122nd Ave,$$,4.5,441,Open,456.080234036743,Dining and Drinking,45.5220396,-122.537573,4
"45.5220396,-122.537573",La Isla Bonita,Mexican,302 NE 122nd Ave,$$,3.5,94,Open,283.15781681034514,Chinese Restaurant,45.5220396,-122.537573,4
"45.5220396,-122.537573",Don Pedro Restaurant,Mexican,615 SE 122nd Ave,$,3.0,123,Open,447.3249574419392,Mexican Restaurant,45.5220396,-122.537573,4
"45.5220396,-122.537573",Cleary's Restaurant & Spirits,Seafood,12429 NE Glisan St,$$,3.0,23,Open,566.2919013368524,Lounge,45.5220396,-122.537573,4
"45.5591179,-122.6535114",Tin Shed Garden Cafe,American (New),1438 NE Alberta St,$$,4.5,1965,Open,205.69649985255543,American Restaurant,45.5591179,-122.6535114,5
"45.5591179,-122.6535114",Radio Room,American (New),1101 NE Alberta St,$$,3.5,777,Open,65.94793867446313,Bar,45.5591179,-122.6535114,5
"45.5591179,-122.6535114",Bamboo Sushi,Sushi Bars,1409 NE Alberta St,$$,4.0,272,Open,177.24541134329206,Sushi Restaurant,45.5591179,-122.6535114,5
"45.5591179,-122.6535114",The Bye and Bye,Vegan,1011 NE Alberta St,$$,4.0,925,Open,134.24849058141223,Speakeasy,45.5591179,-122.6535114,5
"45.5591179,-122.6535114",Donnie Vegas,Dive Bars,1203 NE Alberta St,$,4.0,97,Open,9.03094188462741,Night Club,45.5591179,-122.6535114,5
"45.5510308,-122.5814223",Cameo Cafe,Breakfast & Brunch,8111 NE Sandy Blvd,$$,4.0,563,Open,205.15404568211488,Diner,45.5510308,-122.5814223,7
"45.5510308,-122.5814223",Park City Pub,Pubs,8025 NE Sandy Blvd,$,4.0,111,Open,145.0017973800296,Cocktail Bar,45.5510308,-122.5814223,7
"45.5257231,-122.6854375",Mediterranean Exploration Company,Mediterranean,333 NW 13th Ave,$$,4.5,951,Open,77.65993736018596,Mediterranean Restaurant,45.5257231,-122.6854375,10
"45.5257231,-122.6854375",Deschutes Brewery Portland Public House,Brewpubs,210 NW 11th Ave,$$,4.0,3487,Open,303.0812817227762,Bar,45.5257231,-122.6854375,10
"45.5257231,-122.6854375",The Star,Pizza,1309 NW Hoyt St,$$,4.0,350,Open,197.35790632921808,Bar,45.5257231,-122.6854375,10
"45.5257231,-122.6854375",10 Barrel Brewing Portland,Pubs,1411 NW Flanders St,$$,4.0,1103,Open,29.16012438484102,Bar,45.5257231,-122.6854375,10
"45.52556242,-122.6892561",Mediterranean Exploration Company,Mediterranean,333 NW 13th Ave,$$,4.5,951,Open,372.5354526864644,Mediterranean Restaurant,45.52556242,-122.6892561,18
"45.52556242,-122.6892561",10 Barrel Brewing Portland,Pubs,1411 NW Flanders St,$$,4.0,1103,Open,298.84706349641067,Bar,45.52556242,-122.6892561,18
"45.5625479,-122.6848349",Backyard Social,Venues & Event Spaces,1914 N Killingsworth St,$$,4.5,112,Open,153.60767007706465,Beer Garden,45.5625479,-122.6848349,5
"45.5625479,-122.6848349",The Old Gold,Bars,2105 N Killingsworth St,$$,4.0,201,Open,335.06439823989183,Whisky Bar,45.5625479,-122.6848349,5
"45.5625479,-122.6848349",The Stacks Coffeehouse,Coffee & Tea,1831 N Killingsworth St,,4.5,52,Open,116.42240165151183,Coffee Shop,45.5625479,-122.6848349,5
"45.5625479,-122.6848349",Gonzalez Taqueria,Mexican,1540 N Killingsworth St,$,4.5,58,Open,125.61886886622004,Fast Food Restaurant,45.5625479,-122.6848349,5
"45.52871176,-122.674166",Yama Sushi & Sake Bar,Sushi Bars,926 NW 10th Ave,$$,4.0,953,Open,544.9143214098372,Sushi Restaurant,45.52871176,-122.674166,9
"45.5264482,-122.583548",The Observatory,American (New),8115 SE Stark St,$$,4.5,2278,Open,840.0444103798685,Lounge,45.5264482,-122.583548,6
"45.5264482,-122.583548",East Glisan Pizza Lounge,Bars,8001 NE Glisan St,$$,4.5,413,Open,191.1891247923523,Lounge,45.5264482,-122.583548,6
"45.5264482,-122.583548",Redwood,American (Traditional),7915 SE Stark St,$$,4.5,436,Open,805.7245892056854,Cocktail Bar,45.5264482,-122.583548,6
"45.5264482,-122.583548",Bui Natural Tofu,Vietnamese,520 NE 76th Ave,$,4.5,205,Open,78.24237220224083,Chinese Restaurant,45.5264482,-122.583548,6
"45.5264482,-122.583548",Fressen Artisan Bakery,Bakeries,7075 NE Glisan St,$,4.5,139,Open,510.30772874598347,Bakery,45.5264482,-122.583548,6
"45.50509011,-122.57900777",Master Kong,Noodles,8435 SE Division St,$$,4.0,450,Open,249.14075519990823,Chinese Restaurant,45.50509011,-122.57900777,7
"45.50509011,-122.57900777",Pho Kim,Vietnamese,2204 SE 82nd Ave,$$,4.0,238,Open,219.30004707808743,Soup Spot,45.50509011,-122.57900777,7
"45.50509011,-122.57900777",Mojo Crepes,Creperies,8409 SE Division St,$,4.0,251,Open,202.8710840142076,Ice Cream Parlor,45.50509011,-122.57900777,7
"45.50509011,-122.57900777",Pho Van Restaurant,Vietnamese,1919 SE 82nd Ave,$$,3.5,498,Open,468.9097165916078,Vietnamese Restaurant,45.50509011,-122.57900777,7
"45.5935627,-122.7354239",Big Kahuna's BBQ & Catering,Hawaiian,7123 N Lombard St,$,4.0,125,Open,778.2591921221957,BBQ Joint,45.5935627,-122.7354239,9
"45.5190613,-122.5584874",Sayler's Old Country Kitchen,Steakhouses,10519 SE Stark St,$$$,4.0,876,Open,252.4618594921938,American Restaurant,45.5190613,-122.5584874,6
"45.5190613,-122.5584874",Elmer's Restaurant,Breakfast & Brunch,9660 SE Stark St,$$,4.0,209,Open,394.0600917349672,Diner,45.5190613,-122.5584874,6
"45.5337829,-122.5788583",East Glisan Pizza Lounge,Bars,8001 NE Glisan St,$$,4.5,413,Open,819.4241687238132,Lounge,45.5337829,-122.5788583,7
"45.5337829,-122.5788583",Pho Oregon Restaurant,Vietnamese,2518 NE 82nd Ave,$$,4.0,759,Open,735.6762594321647,Vietnamese Restaurant,45.5337829,-122.5788583,7
"45.5337829,-122.5788583",New Happy Fortune Chinese Restaurant,Chinese,2145 NE 82nd Ave,$,3.5,127,Open,484.0742861640279,Chinese Restaurant,45.5337829,-122.5788583,7
"45.5446211,-122.667667",Eem,Cocktail Bars,3808 N Williams Ave,$$,4.5,975,Open,686.6846898821551,Cocktail Bar,45.5446211,-122.667667,8
"45.5446211,-122.667667",Life of Pie Pizza,Pizza,3632 N Williams Ave,$$,4.5,872,Open,538.211238814617,Pizzeria,45.5446211,-122.667667,8
"45.53344,-122.55386",Siam Grill,Thai,10355 NE Halsey St,$,4.0,228,Open,168.02302394438374,Thai Restaurant,45.53344,-122.55386,14
"45.53344,-122.55386",El Indio,Mexican,11114 NE Halsey St,$$,3.5,275,Open,431.9919308227151,Mexican Restaurant,45.53344,-122.55386,14
"45.53344,-122.55386",Clamity Jae's,American (Traditional),10805 NE Halsey St,$,3.0,67,Open,223.23097202272905,Bar,45.53344,-122.55386,14
"45.53344,-122.55386",Muchas Gracias Mexican Food,Tacos,1307 NE 102nd Ave,$,3.0,105,Open,427.6012379498925,Mexican Restaurant,45.53344,-122.55386,14
"45.53344,-122.55386",Bradford's Sports Lounge,Sports Bars,10346 NE Halsey St,$$,3.0,50,Open,160.74063025949044,Lounge,45.53344,-122.55386,14
"45.53344,-122.55386",Baskin-Robbins,Ice Cream & Frozen Yogurt,11011 NE Halsey St,$$,3.5,14,Open,344.15664323740936,Ice Cream Parlor,45.53344,-122.55386,14
"45.569917,-122.6744197",Mi Burrito,Mexican,819 N Lombard St,$,4.5,228,Open,828.4448378865363,Fast Food Restaurant,45.569917,-122.6744197,5
"45.569917,-122.6744197",Peninsula Park,Parks,700 N Rosa Parks Way,,4.5,97,Open,44.705178576976174,Playground,45.569917,-122.6744197,5
"45.569917,-122.6744197",Tulip Shop Tavern,American (Traditional),825 N Killingsworth St,$$,4.0,108,Open,790.6288821503307,Cocktail Bar,45.569917,-122.6744197,5
"45.569917,-122.6744197",Saraveza,"Beer, Wine & Spirits",1004 N Killingsworth St,$$,4.0,302,Open,843.0940318547122,Wine Bar,45.569917,-122.6744197,5
"45.5628283,-122.6093459",Angel Food & Fun,Mexican,5135 NE 60th Ave,$,4.5,186,Open,709.5330014215322,Mexican Restaurant,45.5628283,-122.6093459,8
"45.5628283,-122.6093459",Pizza Jerk,Pizza,5028 NE 42nd Ave,$$,3.5,277,Open,926.378378528774,Pizzeria,45.5628283,-122.6093459,8
"45.5092949,-122.6846036",Duck House Chinese Restaurant,Chinese,1968 SW 5th Ave,$$,4.0,999,Open,156.69319259404224,Chinese Restaurant,45.5092949,-122.6846036,4
"45.5092949,-122.6846036",Murata Restaurant,Japanese,200 SW Market St,$$,4.5,394,Open,538.704715743842,Sushi Restaurant,45.5092949,-122.6846036,4
"45.4976098,-122.5818846",Chungdam Korean Fusion,Korean,7901 SE Powell Blvd,$$,4.0,251,Open,36.5576380245607,Korean Restaurant,45.4976098,-122.5818846,6
"45.4976098,-122.5818846",Phoenix City Seafood Restaurant,Seafood,7632 SE Powell Blvd,,4.0,67,Open,170.4650250339797,Chinese Restaurant,45.4976098,-122.5818846,6
"45.519326,-122.5468687",Sayler's Old Country Kitchen,Steakhouses,10519 SE Stark St,$$$,4.0,876,Open,654.7895618907271,American Restaurant,45.519326,-122.5468687,5
"45.519326,-122.5468687",Bridge City Taproom,Sports Bars,620 SE 122nd Ave,$$,4.5,441,Open,756.4887787833728,Dining and Drinking,45.519326,-122.5468687,5
"45.5870144,-122.6951643",Parkside,Pubs,2135 N Willis Blvd,$$,5.0,75,Open,594.5100244241969,Bar,45.5870144,-122.6951643,2
"45.5870144,-122.6951643",Paul Bunyan Statue,Landmarks & Historical Buildings,8433 N Interstate Ave,,4.5,47,Open,752.7945790821142,Monument,45.5870144,-122.6951643,2
"45.5870144,-122.6951643",Kenton Park,Parks,8417 N Brandon Ave,,4.0,10,Open,555.639080021424,Park,45.5870144,-122.6951643,2
"45.5616203,-122.6616835",The Bye and Bye,Vegan,1011 NE Alberta St,$$,4.0,925,Open,564.3851117365316,Speakeasy,45.5616203,-122.6616835,7
"45.5616203,-122.6616835",Radio Room,American (New),1101 NE Alberta St,$$,3.5,777,Open,628.8465827916954,Bar,45.5616203,-122.6616835,7
"45.4990782,-122.6837991",Starbucks,Coffee & Tea,700 SW Campus Dr,$,3.0,20,Open,208.59187301553587,Coffee Shop,45.4990782,-122.6837991,6
"45.5014076,-122.5788622",Master Kong,Noodles,8435 SE Division St,$$,4.0,450,Open,444.54459235788414,Chinese Restaurant,45.5014076,-122.5788622,7
"45.5014076,-122.5788622",Beijing Hot Pot,Chinese,2768 SE 82nd Ave,$$,4.0,211,Open,129.97433096839427,Chinese Restaurant,45.5014076,-122.5788622,7
"45.5014076,-122.5788622",Chungdam Korean Fusion,Korean,7901 SE Powell Blvd,$$,4.0,251,Open,468.0103668840679,Korean Restaurant,45.5014076,-122.5788622,7
"45.5258454,-122.6814197",Deschutes Brewery Portland Public House,Brewpubs,210 NW 11th Ave,$$,4.0,3487,Open,139.9342406599453,Bar,45.5258454,-122.6814197,5
"45.5258454,-122.6814197",Mediterranean Exploration Company,Mediterranean,333 NW 13th Ave,$$,4.5,951,Open,240.2958642220204,Mediterranean Restaurant,45.5258454,-122.6814197,5
"45.53496857,-122.653631",Blossoming Lotus,Vegan,1713 NE 15th Ave,$$,4.5,1305,Open,225.66857863384476,Vegan and Vegetarian Restaurant,45.53496857,-122.653631,16
"45.53496857,-122.653631",Milo's City Cafe,American (Traditional),1325 NE Broadway St,$$,4.0,486,Open,147.54049789318586,Burger Joint,45.53496857,-122.653631,16
"45.53496857,-122.653631",Taste Tickler,Sandwiches,1704 NE 14th Ave,$,4.5,395,Open,178.96644775812015,Diner,45.53496857,-122.653631,16
"45.5205931,-122.637238",Ken's Artisan Pizza,Pizza,304 SE 28th Ave,$$,4.5,893,Open,4.225209312250791,Pizzeria,45.5205931,-122.637238,6
"45.5205931,-122.637238",Baby Doll Pizza,Pizza,2835 SE Stark St,$$,4.5,522,Open,132.9421225686378,Pizzeria,45.5205931,-122.637238,6
"45.5205931,-122.637238",Cheese & Crack Snack Shop,Cheese Shops,22 SE 28th Ave,$$,4.5,547,Open,205.84460989131588,American Restaurant,45.5205931,-122.637238,6
"45.588297,-122.7380898",Big Kahuna's BBQ & Catering,Hawaiian,7123 N Lombard St,$,4.0,125,Open,213.99012692831155,BBQ Joint,45.588297,-122.7380898,9
"45.588297,-122.7380898",Cathedral Coffee,Coffee & Tea,7530 N Willamette Blvd,$,4.5,248,Open,778.1125944824108,Bakery,45.588297,-122.7380898,9
"45.4988159,-122.6540982",Virtuous Pie,Pizza,1126 SE Division St,$$,4.5,406,Open,651.9635426911416,Pizzeria,45.4988159,-122.6540982,5
"45.4988159,-122.6540982",Pine State Biscuits,Breakfast & Brunch,1100 SE Division St,$$,4.5,1312,Open,661.898576817922,Breakfast Spot,45.4988159,-122.6540982,5
"45.4988159,-122.6540982",Double Dragon,Sandwiches,1235 SE Division St,$$,4.0,487,Open,688.0124683732513,Cocktail Bar,45.4988159,-122.6540982,5
"45.4988159,-122.6540982",Original Hotcake House,Diners,1002 SE Powell Blvd,$$,3.5,610,Open,282.7872368824148,Dining and Drinking,45.4988159,-122.6540982,5
"45.4797127,-122.5686256",Flipside Bar And Carts,Bars,9320 SE Woodstock Blvd,$$,4.0,77,Open,160.69779961205236,Lounge,45.4797127,-122.5686256,8
"45.4797127,-122.5686256",El Pato Feliz,Mexican,5824 SE 92nd Ave,$,4.0,175,Open,66.16901082168127,Mexican Restaurant,45.4797127,-122.5686256,8
"45.4797127,-122.5686256",Zoiglhaus Brewing Company,German,5716 SE 92nd Ave,$$,3.5,254,Open,148.93495471778618,Bar,45.4797127,-122.5686256,8
"45.4797127,-122.5686256",Oliver's Cafe,Breakfast & Brunch,8931 SE Foster Rd,$,4.0,287,Open,228.214747464124,Café,45.4797127,-122.5686256,8
"45.4797127,-122.5686256",The Eagle Eye Tavern,Dive Bars,5836 SE 92nd Ave,$,4.0,71,Open,45.2220360480133,Dive Bar,45.4797127,-122.5686256,8
"45.5422831,-122.6037107",Cha Ba Thai,Thai,5810 NE Sandy Blvd,$$,4.0,368,Open,41.81760396987052,Thai Restaurant,45.5422831,-122.6037107,5
"45.5422831,-122.6037107",Thai Seasons,Thai,5824 NE Sandy Blvd,$$,4.5,235,Open,71.6440057031837,Thai Restaurant,45.5422831,-122.6037107,5
"45.5422831,-122.6037107",Du's Grill,Japanese,5365 NE Sandy Blvd,$$,4.5,481,Open,348.8348827134386,BBQ Joint,45.5422831,-122.6037107,5
"45.5422831,-122.6037107",Pho Corner,Vietnamese,6120 NE Sandy Blvd,$$,4.0,210,Open,367.17626567887794,Vietnamese Restaurant,45.5422831,-122.6037107,5
"45.5422831,-122.6037107",Zien Hong,Chinese,5314 NE Sandy Blvd,$$,4.0,481,Open,429.809560117961,Chinese Restaurant,45.5422831,-122.6037107,5
"45.51158277,-122.682281",Duck House Chinese Restaurant,Chinese,1968 SW 5th Ave,$$,4.0,999,Open,262.5789042050052,Chinese Restaurant,45.51158277,-122.682281,14
"45.51158277,-122.682281",Murata Restaurant,Japanese,200 SW Market St,$$,4.5,394,Open,285.7149227454253,Sushi Restaurant,45.51158277,-122.682281,14
"45.4941194,-122.5786536",Gyro House Mediterranean Grill,Mediterranean,8140 SE Cora St,$,4.0,365,Open,338.1585943267603,Mediterranean Restaurant,45.4941194,-122.5786536,3
"45.4941194,-122.5786536",Wingstop,Chicken Wings,4124 SE 82nd Ave,$$,3.5,169,Open,164.939556093915,Fast Food Restaurant,45.4941194,-122.5786536,3
"45.4941194,-122.5786536",Chungdam Korean Fusion,Korean,7901 SE Powell Blvd,$$,4.0,251,Open,442.7062985730113,Korean Restaurant,45.4941194,-122.5786536,3
"45.4941194,-122.5786536",Best Baguette,Vietnamese,8308 SE Powell Blvd,$,4.0,548,Open,329.046222101122,Deli,45.4941194,-122.5786536,3
"45.5181656,-122.639145",Ken's Artisan Pizza,Pizza,304 SE 28th Ave,$$,4.5,893,Open,310.9323733944779,Pizzeria,45.5181656,-122.639145,3
"45.5181656,-122.639145",Baby Doll Pizza,Pizza,2835 SE Stark St,$$,4.5,522,Open,257.91092767256004,Pizzeria,45.5181656,-122.639145,3
"45.5181656,-122.639145",Mirisata,Sri Lankan,2420 SE Belmont St,$$,4.5,164,Open,262.5925871535656,Sri Lankan Restaurant,45.5181656,-122.639145,3
"45.5181656,-122.639145",Cheese & Crack Snack Shop,Cheese Shops,22 SE 28th Ave,$$,4.5,547,Open,500.5668429846592,American Restaurant,45.5181656,-122.639145,3
"45.55891838,-122.6824003",Backyard Social,Venues & Event Spaces,1914 N Killingsworth St,$$,4.5,112,Open,529.9275568318104,Beer Garden,45.55891838,-122.6824003,7
"45.55891838,-122.6824003",Victoria,Cocktail Bars,4835 N Albina Ave,$$,4.0,252,Open,564.6260417018195,Cocktail Bar,45.55891838,-122.6824003,7
"45.5226089,-122.5804512",The Observatory,American (New),8115 SE Stark St,$$,4.5,2278,Open,372.4938441625543,Lounge,45.5226089,-122.5804512,6
"45.5226089,-122.5804512",Redwood,American (Traditional),7915 SE Stark St,$$,4.5,436,Open,390.5483413885672,Cocktail Bar,45.5226089,-122.5804512,6
"45.5226089,-122.5804512",East Glisan Pizza Lounge,Bars,8001 NE Glisan St,$$,4.5,413,Open,444.8029984736261,Lounge,45.5226089,-122.5804512,6
"45.5226089,-122.5804512",Ya Hala Lebanese Cuisine,Lebanese,8005 SE Stark St,$$,3.5,535,Open,360.1520333815259,Lebanese Restaurant,45.5226089,-122.5804512,6
"45.5808002,-122.7133655",Chef Zhao,Asian Fusion,4828 N Lombard St,$$,4.0,207,Open,436.0215640595621,Chinese Restaurant,45.5808002,-122.7133655,9
"45.5808002,-122.7133655",Mock Crest Tavern,Breakfast & Brunch,3435 N Lombard St,$,4.0,149,Open,934.5516903451612,Bar,45.5808002,-122.7133655,9
"45.5808002,-122.7133655",East Side Delicatessen,Delis,4823 N Lombard St,$,4.0,247,Open,415.3406598653935,Deli,45.5808002,-122.7133655,9
"45.5808002,-122.7133655",Twilight Room,Dive Bars,5242 N Lombard St,$$,3.5,117,Open,730.6527971957063,Dive Bar,45.5808002,-122.7133655,9
"45.51788377,-122.6920402",Goose Hollow Inn,Gastropubs,1927 SW Jefferson St,$$,4.0,290,Open,154.9491320670344,Pub,45.51788377,-122.6920402,14
"45.4902649,-122.5979411",Assembly Brewing,Pizza,6112 SE Foster Rd,$$,4.5,251,Open,201.69713888274424,Cocktail Bar,45.4902649,-122.5979411,9
"45.4902649,-122.5979411",Bar Carlo,Breakfast & Brunch,6433 SE Foster Rd,$$,4.0,384,Open,158.76505453542217,American Restaurant,45.4902649,-122.5979411,9
"45.4902649,-122.5979411",Off The Griddle,Vegan,6526 SE Foster Rd,$$,4.5,941,Open,259.5730000377817,Burger Joint,45.4902649,-122.5979411,9
"45.4902649,-122.5979411",Nayar Taqueria,Mexican,5919 SE Foster Rd,$$,4.5,328,Open,409.3934103759803,Mexican Restaurant,45.4902649,-122.5979411,9
"45.4902649,-122.5979411",Bar Maven,Bars,6219 SE Foster Rd,$,4.0,193,Open,98.52627676324786,Lounge,45.4902649,-122.5979411,9
"45.4902649,-122.5979411",Henry Higgins Boiled Bagels,Sandwiches,6420 SE Foster Rd,$,4.0,321,Open,156.91056436413794,Sandwich Spot,45.4902649,-122.5979411,9
"45.4902649,-122.5979411",Pieper Cafe,Cafes,6504 SE Foster Rd,$,4.5,116,Open,222.7053638534813,Café,45.4902649,-122.5979411,9
"45.5965621,-122.7478995",Homegrown Smoker,Vegan,8638 N Lombard St,$$,4.5,703,Open,896.4910523648488,BBQ Joint,45.5965621,-122.7478995,9
"45.5965621,-122.7478995",Leisure Public House,Pubs,8002 N Lombard St,$,4.5,235,Open,829.4667517913741,Bar,45.5965621,-122.7478995,9
"45.5965621,-122.7478995",Thai Cottage,Thai,8620 N Lombard St,$$,3.5,256,Open,905.682509377888,Thai Restaurant,45.5965621,-122.7478995,9
"45.5178988,-122.6600522",Hat Yai,Thai,605 SE Belmont St,$$,4.0,238,Open,141.10391571885037,Thai Restaurant,45.5178988,-122.6600522,10
"45.5178988,-122.6600522",Rum Club,American (New),720 SE Sandy Blvd,$$,4.0,286,Open,202.26860077790045,Cocktail Bar,45.5178988,-122.6600522,10
