,Unnamed: 0_x,bike_station_location,name,main_category_x,address,price,rating,review_count,status,distance_away_x,Unnamed: 0_y,main_category_y,distance_away_y,Unnamed: 0,latitude,longitude,num_of_bikes
0,2,"45.51195046,-122.6141596",Apizza Scholls,Pizza,4741 SE Hawthorne Blvd,$$,4.0,1735,Open,82.51827717190247,4,Pizzeria,82,0,45.51195046,-122.6141596,2
1,3,"45.51195046,-122.6141596",Sapphire Hotel,Lounges,5008 SE Hawthorne Blvd,$$,4.5,487,Open,225.7936725004157,8,Cocktail Bar,216,0,45.51195046,-122.6141596,2
2,8,"45.51195046,-122.6141596",East Side Delicatessen,Delis,4626 SE Hawthorne Blvd,$,4.0,408,Open,33.46106830531426,1,Deli,28,0,45.51195046,-122.6141596,2
3,9,"45.51195046,-122.6141596",Zach's Shack,Fast Food,4611 SE Hawthorne Blvd,$,3.5,270,Open,58.98761878884557,2,Hot Dog Joint,55,0,45.51195046,-122.6141596,2
4,20,"45.54827571,-122.6111636",Noho's Hawaiian Cafe,Hawaiian,4627 NE Fremont St,$$,4.0,374,Open,340.5973570979499,12,Café,342,1,45.54827571,-122.6111636,0
5,35,"45.54827571,-122.6111636",Jim & Patty's Coffee,Coffee & Tea,4951 NE Fremont St,$$,4.0,268,Open,39.71059629900574,10,Café,38,1,45.54827571,-122.6111636,0
6,38,"45.54827571,-122.6111636",Fire On The Mountain,Barbeque,3443 NE 57th Ave,$$,3.5,599,Open,471.7238081478068,14,Pizzeria,488,1,45.54827571,-122.6111636,0
7,40,"45.553917,-122.6020709",Cully Central,Beer Gardens,4579 NE Cully Blvd,$$,5.0,208,Open,323.0375715370634,21,Beer Garden,313,2,45.553917,-122.6020709,0
8,50,"45.553917,-122.6020709",Bison Coffee House,Coffee & Tea,3941 NE Cully Blvd,$,4.5,158,Open,293.260540701753,22,Coffee Shop,301,2,45.553917,-122.6020709,0
9,51,"45.553917,-122.6020709",Fire On The Mountain,Barbeque,3443 NE 57th Ave,$$,3.5,599,Open,692.9414011437761,29,Pizzeria,686,2,45.553917,-122.6020709,0
10,60,"45.51658489,-122.6160378",Horse Brass Pub,British,4534 SE Belmont St,$$,4.0,729,Open,59.111547217092806,30,Pub,40,3,45.51658489,-122.6160378,3
11,63,"45.51658489,-122.6160378",Brazilian House,Food Trucks,4255 SE Belmont St,$,4.5,96,Open,176.66470472675385,34,Brazilian Restaurant,185,3,45.51658489,-122.6160378,3
12,74,"45.51658489,-122.6160378",Sivalai Thai Restaurant,Thai,4806 SE Stark St,$$,4.5,957,Open,355.5759959317808,36,Thai Restaurant,368,3,45.51658489,-122.6160378,3
13,76,"45.51658489,-122.6160378",Never Coffee,Coffee & Tea,4243 SE Belmont St,$$,4.0,185,Open,204.70453498666595,33,Coffee Shop,208,3,45.51658489,-122.6160378,3
14,78,"45.51658489,-122.6160378",Belmont Station,Beer Gardens,4500 SE Stark St,$$,4.0,298,Open,281.1551357036332,35,Beer Bar,272,3,45.51658489,-122.6160378,3
15,83,"45.49333654,-122.6233971",Cafe Rowan,Breakfast & Brunch,4437 SE Cesar E Chavez Blvd,$$,4.5,219,Open,315.240579103204,44,Café,331,4,45.49333654,-122.6233971,2
16,89,"45.49333654,-122.6233971",Coffee Beer,Coffee & Tea,4142 SE 42nd Ave,$$,4.5,61,Open,366.8240564586952,45,Beer Bar,361,4,45.49333654,-122.6233971,2
17,101,"45.50280906,-122.6535398",Virtuous Pie,Pizza,1126 SE Division St,$$,4.5,406,Open,211.880699787148,50,Pizzeria,200,5,45.50280906,-122.6535398,1
18,102,"45.50280906,-122.6535398",Pine State Biscuits,Breakfast & Brunch,1100 SE Division St,$$,4.5,1312,Open,230.83123146364596,54,Breakfast Spot,224,5,45.50280906,-122.6535398,1
19,104,"45.50280906,-122.6535398",Double Dragon,Sandwiches,1235 SE Division St,$$,4.0,487,Open,241.87099172931676,55,Cocktail Bar,244,5,45.50280906,-122.6535398,1
20,106,"45.50280906,-122.6535398",Palomar,Cocktail Bars,959 SE Division St,$$,4.0,223,Open,359.2944277826513,58,Cocktail Bar,355,5,45.50280906,-122.6535398,1
21,110,"45.50280906,-122.6535398",The Baker's Mark,Sandwiches,1126 SE Division St,$,4.5,271,Open,187.8284196509748,51,Fast Food Restaurant,209,5,45.50280906,-122.6535398,1
22,117,"45.50280906,-122.6535398",Original Hotcake House,Diners,1002 SE Powell Blvd,$$,3.5,610,Open,245.5036731135454,57,Dining and Drinking,236,5,45.50280906,-122.6535398,1
23,132,"45.52175423,-122.6810794",Deschutes Brewery Portland Public House,Brewpubs,210 NW 11th Ave,$$,4.0,3487,Open,325.5009757903132,67,Bar,317,6,45.52175423,-122.6810794,0
24,140,"45.50512504,-122.6533681",Double Dragon,Sandwiches,1235 SE Division St,$$,4.0,487,Open,20.865821939132324,70,Cocktail Bar,14,7,45.50512504,-122.6533681,3
25,141,"45.50512504,-122.6533681",Virtuous Pie,Pizza,1126 SE Division St,$$,4.5,406,Open,73.35755901402486,73,Pizzeria,74,7,45.50512504,-122.6533681,3
26,143,"45.50512504,-122.6533681",Palomar,Cocktail Bars,959 SE Division St,$$,4.0,223,Open,240.23839788781652,77,Cocktail Bar,239,7,45.50512504,-122.6533681,3
27,144,"45.50512504,-122.6533681",Pine State Biscuits,Breakfast & Brunch,1100 SE Division St,$$,4.5,1312,Open,100.79624021239522,75,Breakfast Spot,107,7,45.50512504,-122.6533681,3
28,156,"45.50512504,-122.6533681",Deadshot,Cocktail Bars,2133 SE 11th Ave,$$,4.5,86,Open,277.3393815467205,78,Cocktail Bar,272,7,45.50512504,-122.6533681,3
29,159,"45.50512504,-122.6533681",The Baker's Mark,Sandwiches,1126 SE Division St,$,4.5,271,Open,90.02804021232927,72,Fast Food Restaurant,78,7,45.50512504,-122.6533681,3
30,161,"45.50356665,-122.6395279",Jacqueline,Cocktail Bars,2039 SE Clinton St,$$,4.5,381,Open,412.02321566706365,85,Cocktail Bar,405,8,45.50356665,-122.6395279,3
31,165,"45.50356665,-122.6395279",Nuestra Cocina,Mexican,2135 SE Division St,$$,4.5,621,Open,372.2700548588195,84,Latin American Restaurant,363,8,45.50356665,-122.6395279,3
32,167,"45.50356665,-122.6395279",Mestizo,Latin American,2910 SE Division St,$$,4.5,168,Open,341.03974583406296,88,Bar,335,8,45.50356665,-122.6395279,3
33,171,"45.50356665,-122.6395279",Reel M Inn,American (Traditional),2430 SE Division St,$$,4.0,412,Open,143.1046446724657,83,Dive Bar,151,8,45.50356665,-122.6395279,3
34,172,"45.50356665,-122.6395279",Yama Sushi & Izakaya,Sushi Bars,2038 SE Clinton St,$$,4.0,513,Open,404.9468222756655,89,Tapas Restaurant,410,8,45.50356665,-122.6395279,3
35,177,"45.50356665,-122.6395279",Bollywood Theater,Indian,3010 SE Division St,$$,4.0,773,Open,412.2234744256388,86,Indian Restaurant,419,8,45.50356665,-122.6395279,3
36,183,"45.51623176,-122.6360679",Ken's Artisan Pizza,Pizza,304 SE 28th Ave,$$,4.5,893,Open,493.6229876742035,98,Pizzeria,502,9,45.51623176,-122.6360679,0
37,184,"45.51623176,-122.6360679",Bare Bones Cafe & Bar,Bars,2908 SE Belmont St,$$,4.0,247,Open,14.165582222706671,90,Dining and Drinking,13,9,45.51623176,-122.6360679,0
38,186,"45.51623176,-122.6360679",Baby Doll Pizza,Pizza,2835 SE Stark St,$$,4.5,522,Open,367.7402751398562,92,Pizzeria,353,9,45.51623176,-122.6360679,0
39,187,"45.51623176,-122.6360679",Mirisata,Sri Lankan,2420 SE Belmont St,$$,4.5,164,Open,384.470148448392,94,Sri Lankan Restaurant,383,9,45.51623176,-122.6360679,0
40,202,"45.51147657,-122.6662856",Shalom Y'all Restaurant,Middle Eastern,117 SE Taylor St,$$,4.5,346,Open,450.6803886086741,103,Israeli Restaurant,442,10,45.51147657,-122.6662856,11
41,220,"45.51844688,-122.651685",Nostrana,Italian,1401 SE Morrison St,$$$,4.0,1130,Open,89.80821221428094,111,Pizzeria,89,11,45.51844688,-122.651685,3
42,237,"45.51844688,-122.651685",The Roof Deck at Revolution Hall,Bars,1300 SE Stark St,$$,4.0,125,Open,66.44083296005495,112,Bar,70,11,45.51844688,-122.651685,3
43,240,"45.51515295,-122.665776",Shalom Y'all Restaurant,Middle Eastern,117 SE Taylor St,$$,4.5,346,Open,100.87377271922225,120,Israeli Restaurant,101,12,45.51515295,-122.665776,4
44,262,"45.51645917,-122.6189983",Horse Brass Pub,British,4534 SE Belmont St,$$,4.0,729,Open,285.04075753941504,134,Pub,270,13,45.51645917,-122.6189983,4
45,267,"45.51645917,-122.6189983",Brazilian House,Food Trucks,4255 SE Belmont St,$,4.5,96,Open,55.61416589841365,131,Brazilian Restaurant,48,13,45.51645917,-122.6189983,4
46,270,"45.51645917,-122.6189983",Never Coffee,Coffee & Tea,4243 SE Belmont St,$$,4.0,185,Open,42.425482214846895,130,Coffee Shop,27,13,45.51645917,-122.6189983,4
47,284,"45.52373453,-122.6372065",Stammtisch,German,401 NE 28th Ave,$$,4.5,517,Open,237.53723048363685,147,Gastropub,233,14,45.52373453,-122.6372065,4
48,292,"45.52373453,-122.6372065",Cheese & Crack Snack Shop,Cheese Shops,22 SE 28th Ave,$$,4.5,547,Open,143.68656737880937,144,American Restaurant,139,14,45.52373453,-122.6372065,4
49,300,"45.52536699,-122.6725459",Lechon,Tapas Bars,113 SW Naito Pkwy,$$$,4.5,1825,Open,470.6340668760817,153,American Restaurant,472,15,45.52536699,-122.6725459,1
50,312,"45.52536699,-122.6725459",Lan Su Chinese Garden,Botanical Gardens,239 NW Everett St,,4.5,664,Open,42.48091377905369,150,Chinese Restaurant,61,15,45.52536699,-122.6725459,1
51,314,"45.52536699,-122.6725459",Portland Burger,Burgers,304 SW 2nd Ave,$$,4.5,629,Open,551.5102298612085,154,Beer Bar,554,15,45.52536699,-122.6725459,1
52,322,"45.52976024,-122.6966429",Serratto,Italian,2112 NW Kearney St,$$$,4.0,717,Open,171.28845196916683,163,Italian Restaurant,172,16,45.52976024,-122.6966429,2
53,330,"45.52976024,-122.6966429",Bantam Tavern,Brewpubs,922 NW 21st Ave,$$,4.5,83,Open,177.96928057124876,161,Cocktail Bar,176,16,45.52976024,-122.6966429,2
54,334,"45.52976024,-122.6966429",Salt & Straw,Ice Cream & Frozen Yogurt,838 NW 23rd Ave,$$,4.5,4207,Open,154.7139532471438,160,Ice Cream Parlor,158,16,45.52976024,-122.6966429,2
55,361,"45.52196048,-122.6896772",Mediterranean Exploration Company,Mediterranean,333 NW 13th Ave,$$,4.5,951,Open,568.3769237112881,188,Mediterranean Restaurant,566,18,45.52196048,-122.6896772,3
56,395,"45.51299715,-122.6567262",White Owl Social Club,Lounges,1305 SE 8th Ave,$$,3.0,475,Open,112.02263026416044,190,Lounge,102,19,45.51299715,-122.6567262,1
57,400,"45.52374151,-122.6818129",Deschutes Brewery Portland Public House,Brewpubs,210 NW 11th Ave,$$,4.0,3487,Open,98.69096460531968,204,Bar,90,20,45.52374151,-122.6818129,4
58,403,"45.52374151,-122.6818129",Mediterranean Exploration Company,Mediterranean,333 NW 13th Ave,$$,4.5,951,Open,288.33097057991,209,Mediterranean Restaurant,281,20,45.52374151,-122.6818129,4
59,425,"45.52634601,-122.6941484",Serratto,Italian,2112 NW Kearney St,$$$,4.0,717,Open,299.0243379785132,218,Italian Restaurant,300,21,45.52634601,-122.6941484,12
60,427,"45.52634601,-122.6941484",Pope House Bourbon Lounge,Lounges,2075 NW Glisan St,$$,4.0,339,Open,16.919402729406425,211,Cocktail Bar,12,21,45.52634601,-122.6941484,12
61,442,"45.52826831,-122.6945615",Serratto,Italian,2112 NW Kearney St,$$$,4.0,717,Open,82.86704004659187,222,Italian Restaurant,84,22,45.52826831,-122.6945615,2
62,453,"45.52826831,-122.6945615",Bantam Tavern,Brewpubs,922 NW 21st Ave,$$,4.5,83,Open,143.71428223022608,223,Cocktail Bar,137,22,45.52826831,-122.6945615,2
63,463,"45.56282546,-122.6747467",Tulip Shop Tavern,American (Traditional),825 N Killingsworth St,$$,4.0,108,Open,68.14487914397805,230,Cocktail Bar,69,23,45.56282546,-122.6747467,3
64,465,"45.56282546,-122.6747467",Sweedeedee,Breakfast & Brunch,5202 N Albina Ave,$$,4.0,558,Open,256.4837377526885,234,Café,253,23,45.56282546,-122.6747467,3
65,470,"45.56282546,-122.6747467",Saraveza,"Beer, Wine & Spirits",1004 N Killingsworth St,$$,4.0,302,Open,191.3858128640373,233,Wine Bar,189,23,45.56282546,-122.6747467,3
66,472,"45.56282546,-122.6747467",Victoria,Cocktail Bars,4835 N Albina Ave,$$,4.0,252,Open,534.2762494352804,239,Cocktail Bar,520,23,45.56282546,-122.6747467,3
67,488,"45.5286366,-122.6820195",The Star,Pizza,1309 NW Hoyt St,$$,4.0,350,Open,255.44719483658983,248,Bar,257,24,45.5286366,-122.6820195,0
68,501,"45.5282777,-122.6766282",Deschutes Brewery Portland Public House,Brewpubs,210 NW 11th Ave,$$,4.0,3487,Open,575.9719562859005,259,Bar,588,25,45.5282777,-122.6766282,0
69,525,"45.53211645,-122.6986304",Breakside Brewery,American (Traditional),1570 NW 22nd Ave,$$,4.0,373,Open,256.4276184253705,263,Beer Bar,262,26,45.53211645,-122.6986304,0
70,540,"45.5475928,-122.6667604",Eem,Cocktail Bars,3808 N Williams Ave,$$,4.5,975,Open,350.98580151264326,273,Cocktail Bar,344,27,45.5475928,-122.6667604,11
71,541,"45.5475928,-122.6667604",Life of Pie Pizza,Pizza,3632 N Williams Ave,$$,4.5,872,Open,201.1715861435978,272,Pizzeria,207,27,45.5475928,-122.6667604,11
72,562,"45.5027677,-122.6714408",Dough Zone - Downtown Portland,Dim Sum,1910 S River Dr,$$,4.0,604,Open,602.1749837907536,289,Dumpling Restaurant,600,28,45.5027677,-122.6714408,2
73,583,"45.52914205,-122.6987028",Salt & Straw,Ice Cream & Frozen Yogurt,838 NW 23rd Ave,$$,4.5,4207,Open,46.51554249860787,290,Ice Cream Parlor,39,29,45.52914205,-122.6987028,1
74,602,"45.54998583,-122.6756573",Stormbreaker Brewing,Breweries,832 N Beech St,$$,4.0,421,Open,73.10049376863972,303,Bar,52,30,45.54998583,-122.6756573,11
75,620,"45.55076344,-122.6668663",Eem,Cocktail Bars,3808 N Williams Ave,$$,4.5,975,Open,26.114949748558622,310,Cocktail Bar,26,31,45.55076344,-122.6668663,2
76,623,"45.55076344,-122.6668663",Life of Pie Pizza,Pizza,3632 N Williams Ave,$$,4.5,872,Open,154.6710418582625,312,Pizzeria,146,31,45.55076344,-122.6668663,2
77,632,"45.55076344,-122.6668663",XLB,Noodles,4090 N Williams Ave,$$,3.5,476,Open,274.1795310426696,319,Chinese Restaurant,274,31,45.55076344,-122.6668663,2
78,642,"45.54107815,-122.6769716",Bernstein's Bagels,Bagels,816 N Russell St,$,4.5,121,Open,159.42340835674167,321,Sandwich Spot,153,32,45.54107815,-122.6769716,0
79,660,"45.52142066,-122.6726291",Lechon,Tapas Bars,113 SW Naito Pkwy,$$$,4.5,1825,Open,145.89517886734097,331,American Restaurant,146,33,45.52142066,-122.6726291,0
80,667,"45.52142066,-122.6726291",Portland Burger,Burgers,304 SW 2nd Ave,$$,4.5,629,Open,114.7446729353789,330,Beer Bar,120,33,45.52142066,-122.6726291,0
81,677,"45.52142066,-122.6726291",Killer Burger,Burgers,510 SW 3rd Ave,$$,4.0,878,Open,279.27398186130773,335,Bar,286,33,45.52142066,-122.6726291,0
82,684,"45.52279251,-122.6840124",Mediterranean Exploration Company,Mediterranean,333 NW 13th Ave,$$,4.5,951,Open,308.0190793444607,348,Mediterranean Restaurant,301,34,45.52279251,-122.6840124,2
83,685,"45.52279251,-122.6840124",Deschutes Brewery Portland Public House,Brewpubs,210 NW 11th Ave,$$,4.0,3487,Open,263.4149948630609,347,Bar,250,34,45.52279251,-122.6840124,2
84,701,"45.50910258,-122.6735169",Dough Zone - Downtown Portland,Dim Sum,1910 S River Dr,$$,4.0,604,Open,136.68299966291326,353,Dumpling Restaurant,137,35,45.50910258,-122.6735169,2
85,707,"45.50910258,-122.6735169",Murata Restaurant,Japanese,200 SW Market St,$$,4.5,394,Open,492.8195480200672,357,Sushi Restaurant,499,35,45.50910258,-122.6735169,2
86,722,"45.5123205,-122.6789108",Murata Restaurant,Japanese,200 SW Market St,$$,4.5,394,Open,70.41723996344861,361,Sushi Restaurant,52,36,45.5123205,-122.6789108,1
87,740,"45.50473239,-122.62528",Cibo,Italian,3539 SE Division St,$$,4.0,541,Open,194.7699284653434,372,Pizzeria,199,37,45.50473239,-122.62528,3
88,741,"45.50473239,-122.62528",Ava Gene's,American (New),3377 SE Division St,$$$,4.0,733,Open,344.89971812812155,375,Italian Restaurant,352,37,45.50473239,-122.62528,3
89,744,"45.50473239,-122.62528",Little Beast Brewing Beer Garden,Breweries,3412 SE Division St,$$,4.0,120,Open,308.0538995971474,373,Beer Bar,304,37,45.50473239,-122.62528,3
90,752,"45.50473239,-122.62528",Lauretta Jean's,Bakeries,3402 SE Division St,$,4.0,576,Open,324.5246224057273,374,Bakery,322,37,45.50473239,-122.62528,3
91,758,"45.50473239,-122.62528",Division Wines,"Beer, Wine & Spirits",3564 SE Division St,$$,5.0,108,Open,139.5487110916031,371,Liquor Store,141,37,45.50473239,-122.62528,3
92,760,"45.54830706,-122.6136768",Noho's Hawaiian Cafe,Hawaiian,4627 NE Fremont St,$$,4.0,374,Open,145.0999826052896,382,Café,147,38,45.54830706,-122.6136768,0
93,766,"45.54830706,-122.6136768",Hi-Top Tavern,Bars,5015 NE Fremont St,,4.5,59,Open,223.38920660405967,384,Cocktail Bar,228,38,45.54830706,-122.6136768,0
94,779,"45.54830706,-122.6136768",Jim & Patty's Coffee,Coffee & Tea,4951 NE Fremont St,$$,4.0,268,Open,169.12662463909533,381,Café,157,38,45.54830706,-122.6136768,0
95,780,"45.51189243,-122.6113057",Sapphire Hotel,Lounges,5008 SE Hawthorne Blvd,$$,4.5,487,Open,4.75146695976608,391,Cocktail Bar,6,39,45.51189243,-122.6113057,8
96,782,"45.51189243,-122.6113057",Apizza Scholls,Pizza,4741 SE Hawthorne Blvd,$$,4.0,1735,Open,144.60077712731854,392,Pizzeria,143,39,45.51189243,-122.6113057,8
97,792,"45.51189243,-122.6113057",East Side Delicatessen,Delis,4626 SE Hawthorne Blvd,$,4.0,408,Open,255.19131250342485,397,Deli,250,39,45.51189243,-122.6113057,8
98,797,"45.51189243,-122.6113057",Space Room Lounge,Lounges,4800 SE Hawthorne Blvd,$,3.5,222,Open,123.9365781691392,395,Lounge,122,39,45.51189243,-122.6113057,8
99,798,"45.51189243,-122.6113057",Zach's Shack,Fast Food,4611 SE Hawthorne Blvd,$,3.5,270,Open,276.4460491191375,398,Hot Dog Joint,275,39,45.51189243,-122.6113057,8
100,820,"45.52642975,-122.6347187",Pambiche,Cuban,2811 NE Glisan St,$$,4.0,1635,Open,172.97883053644782,411,Ice Cream Parlor,171,41,45.52642975,-122.6347187,1
101,821,"45.52642975,-122.6347187",Stammtisch,German,401 NE 28th Ave,$$,4.5,517,Open,217.30705399221785,413,Gastropub,213,41,45.52642975,-122.6347187,1
102,826,"45.52642975,-122.6347187",Dove Vivi,Pizza,2727 NE Glisan St,$$,4.0,578,Open,222.63912159993865,415,Pizzeria,209,41,45.52642975,-122.6347187,1
103,844,"45.50523618,-122.6121104",Petite Provence,French,4834 SE Division St,$$,4.0,701,Open,33.80719020307691,420,Bakery,24,42,45.50523618,-122.6121104,1
104,860,"45.56267617,-122.6946044",Mee Dee Thai Cuisine,Thai,2731 N Killingsworth St,$$,4.0,132,Open,64.54493507105701,431,Thai Restaurant,62,43,45.56267617,-122.6946044,0
105,862,"45.56267617,-122.6946044",The Old Gold,Bars,2105 N Killingsworth St,$$,4.0,201,Open,429.3307333346807,433,Whisky Bar,427,43,45.56267617,-122.6946044,0
106,863,"45.56267617,-122.6946044",Backyard Social,Venues & Event Spaces,1914 N Killingsworth St,$$,4.5,112,Open,607.1177164855695,439,Beer Garden,605,43,45.56267617,-122.6946044,0
107,865,"45.56267617,-122.6946044",Mio Sushi,Sushi Bars,2735 N Killingsworth St,$$,3.5,165,Open,66.84099268965186,432,Sushi Restaurant,68,43,45.56267617,-122.6946044,0
108,866,"45.56267617,-122.6946044",Blend Coffee Lounge,Coffee & Tea,2710 N Killingsworth St,$,4.5,127,Open,21.322425586643,430,Coffee Shop,23,43,45.56267617,-122.6946044,0
109,874,"45.56267617,-122.6946044",Madrona Hill Cafe,Bakeries,5937 N Greeley Ave,$,4.5,65,Open,409.3433525673883,435,Bakery,407,43,45.56267617,-122.6946044,0
110,882,"45.53893649,-122.6432884",Blossoming Lotus,Vegan,1713 NE 15th Ave,$$,4.5,1305,Open,701.1221632330085,449,Vegan and Vegetarian Restaurant,695,44,45.53893649,-122.6432884,2
111,889,"45.53893649,-122.6432884",Twisted Croissant,Bakeries,2129 NE Broadway St,$$,4.5,207,Open,412.790859196614,441,Bakery,416,44,45.53893649,-122.6432884,2
112,901,"45.51649676,-122.6307517",Sweet Hereafter,Bars,3326 SE Belmont St,$$,4.0,496,Open,35.3496633351968,450,Cocktail Bar,36,45,45.51649676,-122.6307517,4
113,902,"45.51649676,-122.6307517",Farmhouse Kitchen Thai Cuisine,Thai,3354 SE Hawthorne Blvd,$$,4.5,858,Open,520.215399347478,455,Thai Restaurant,510,45,45.51649676,-122.6307517,4
114,923,"45.51633325,-122.6566324",Hat Yai,Thai,605 SE Belmont St,$$,4.0,238,Open,229.9493852520308,465,Thai Restaurant,233,46,45.51633325,-122.6566324,4
115,939,"45.51633325,-122.6566324",Rum Club,American (New),720 SE Sandy Blvd,$$,4.0,286,Open,305.79769735013696,469,Cocktail Bar,322,46,45.51633325,-122.6566324,4
116,941,"45.55335313,-122.6669146",Eem,Cocktail Bars,3808 N Williams Ave,$$,4.5,975,Open,291.51096632769026,477,Cocktail Bar,297,47,45.55335313,-122.6669146,0
117,944,"45.55335313,-122.6669146",XLB,Noodles,4090 N Williams Ave,$$,3.5,476,Open,31.746361510458183,471,Chinese Restaurant,29,47,45.55335313,-122.6669146,0
118,946,"45.55335313,-122.6669146",Life of Pie Pizza,Pizza,3632 N Williams Ave,$$,4.5,872,Open,441.3165072070151,479,Pizzeria,433,47,45.55335313,-122.6669146,0
119,950,"45.55335313,-122.6669146",JinJu Patisserie,Bakeries,4063 N Williams Ave,$$,4.5,224,Open,43.60362442150391,470,Bakery,42,47,45.55335313,-122.6669146,0
120,961,"45.51222277,-122.6454261",Devil's Dill Sandwich Shop,Sandwiches,1711 SE Hawthorne Blvd,$$,4.5,381,Open,222.4920316312368,484,Sandwich Spot,224,48,45.51222277,-122.6454261,0
121,964,"45.51222277,-122.6454261",Nimblefish,Sushi Bars,1524 SE 20th Ave,$$$$,4.0,171,Open,50.27022741233781,480,Sushi Restaurant,41,48,45.51222277,-122.6454261,0
122,985,"45.54125782,-122.6966717",Life of Pie,Pizza,1765 NW 23rd Ave,$$,4.5,254,Open,694.8344377597068,494,Pizzeria,724,49,45.54125782,-122.6966717,0
123,1000,"45.52643433,-122.6362449",Pambiche,Cuban,2811 NE Glisan St,$$,4.0,1635,Open,56.44914351059269,500,Ice Cream Parlor,52,50,45.52643433,-122.6362449,0
124,1002,"45.52643433,-122.6362449",Stammtisch,German,401 NE 28th Ave,$$,4.5,517,Open,109.26545088265556,502,Gastropub,107,50,45.52643433,-122.6362449,0
125,1007,"45.52643433,-122.6362449",Dove Vivi,Pizza,2727 NE Glisan St,$$,4.0,578,Open,105.40796077121912,503,Pizzeria,91,50,45.52643433,-122.6362449,0
126,1020,"45.55905507,-122.6427104",Pine State Biscuits,Southern,2204 NE Alberta St,$$,4.5,4088,Open,6.083264537316272,510,American Restaurant,8,51,45.55905507,-122.6427104,3
127,1024,"45.55905507,-122.6427104",Bollywood Theater,Indian,2039 NE Alberta St,$$,4.0,1043,Open,106.23951855633072,514,South Indian Restaurant,103,51,45.55905507,-122.6427104,3
128,1029,"45.55905507,-122.6427104",Petite Provence,Bakeries,1824 NE Alberta St,$$,4.5,1415,Open,271.1162436869766,518,Bakery,272,51,45.55905507,-122.6427104,3
129,1032,"45.55905507,-122.6427104",Salt & Straw,Ice Cream & Frozen Yogurt,2035 NE Alberta St,$$,4.5,1891,Open,113.6077878251526,513,Ice Cream Parlor,111,51,45.55905507,-122.6427104,3
130,1042,"45.55908767,-122.6407517",Pine State Biscuits,Southern,2204 NE Alberta St,$$,4.5,4088,Open,154.94947372783568,521,American Restaurant,151,52,45.55908767,-122.6407517,3
131,1046,"45.55908767,-122.6407517",Bollywood Theater,Indian,2039 NE Alberta St,$$,4.0,1043,Open,257.23425827598345,525,South Indian Restaurant,254,52,45.55908767,-122.6407517,3
132,1081,"45.56197102,-122.6820369",Backyard Social,Venues & Event Spaces,1914 N Killingsworth St,$$,4.5,112,Open,376.97409457047695,544,Beer Garden,377,54,45.56197102,-122.6820369,0
133,1089,"45.56197102,-122.6820369",The Old Gold,Bars,2105 N Killingsworth St,$$,4.0,201,Open,560.492261799326,549,Whisky Bar,559,54,45.56197102,-122.6820369,0
134,1096,"45.56197102,-122.6820369",Tulip Shop Tavern,American (Traditional),825 N Killingsworth St,$$,4.0,108,Open,509.1062395500844,547,Cocktail Bar,506,54,45.56197102,-122.6820369,0
135,1097,"45.56197102,-122.6820369",Saraveza,"Beer, Wine & Spirits",1004 N Killingsworth St,$$,4.0,302,Open,384.1577760835117,543,Wine Bar,385,54,45.56197102,-122.6820369,0
136,1098,"45.56197102,-122.6820369",Gonzalez Taqueria,Mexican,1540 N Killingsworth St,$,4.5,58,Open,110.18857186106284,540,Fast Food Restaurant,97,54,45.56197102,-122.6820369,0
137,1146,"45.53140997,-122.6574612",Gather Food & Drink,Lounges,1000 NE Multnomah St,$$,3.5,83,Open,163.7113626168011,571,Cocktail Bar,179,57,45.53140997,-122.6574612,0
138,1170,"45.55645437,-122.6603794",The Bye and Bye,Vegan,1011 NE Alberta St,$$,4.0,925,Open,515.0789012667069,582,Speakeasy,505,58,45.55645437,-122.6603794,0
139,1172,"45.55645437,-122.6603794",Radio Room,American (New),1101 NE Alberta St,$$,3.5,777,Open,568.1226670525965,585,Bar,561,58,45.55645437,-122.6603794,0
140,1188,"45.52440674,-122.6497686",Noble Rot,Wine Bars,1111 E Burnside St,$$$,4.0,700,Open,402.7600205301383,594,Wine Bar,388,59,45.52440674,-122.6497686,1
141,1193,"45.52440674,-122.6497686",Hey Love,Breakfast & Brunch,920 E Burnside St,$$,4.0,349,Open,535.3939601483179,595,Cocktail Bar,531,59,45.52440674,-122.6497686,1
142,1200,"45.52297292,-122.6434118",Screen Door Eastside,Southern,2337 E Burnside St,$$,4.5,8387,Open,135.4994895003553,603,American Restaurant,140,60,45.52297292,-122.6434118,4
143,1203,"45.52297292,-122.6434118",Luce,Italian,2140 E Burnside St,$$,4.0,334,Open,30.418465798957143,601,Italian Restaurant,23,60,45.52297292,-122.6434118,4
144,1205,"45.52297292,-122.6434118",Ate-Oh-Ate,Hawaiian,2454 E Burnside St,$$,4.0,580,Open,246.76464973613255,605,Hawaiian Restaurant,244,60,45.52297292,-122.6434118,4
145,1214,"45.52297292,-122.6434118",Han Oak,Korean,511 NE 24th Ave,$$$$,4.0,330,Open,443.8240021335022,608,Korean Restaurant,440,60,45.52297292,-122.6434118,4
146,1221,"45.50624163,-122.6633379",Ground Breaker Brewing,Breweries,2030 SE 7th Ave,$$,4.0,255,Open,421.622414856801,611,Bar,426,61,45.50624163,-122.6633379,1
147,1223,"45.50624163,-122.6633379",Palomar,Cocktail Bars,959 SE Division St,$$,4.0,223,Open,547.342606555504,613,Cocktail Bar,547,61,45.50624163,-122.6633379,1
148,1234,"45.50624163,-122.6633379",Pine State Biscuits,Breakfast & Brunch,1100 SE Division St,$$,4.5,1312,Open,704.226138279431,616,Breakfast Spot,702,61,45.50624163,-122.6633379,1
149,1236,"45.50624163,-122.6633379",Oregon Museum of Science and Industry,Museums,1945 SE Water Ave,,4.0,589,Open,264.0938698685918,610,Science Museum,330,61,45.50624163,-122.6633379,1
150,1242,"45.51202353,-122.6363119",Farmhouse Kitchen Thai Cuisine,Thai,3354 SE Hawthorne Blvd,$$,4.5,858,Open,505.0394479074875,626,Thai Restaurant,512,62,45.51202353,-122.6363119,1
151,1262,"45.55916922,-122.6514316",Tin Shed Garden Cafe,American (New),1438 NE Alberta St,$$,4.5,1965,Open,47.76691980936327,631,American Restaurant,38,63,45.55916922,-122.6514316,0
152,1263,"45.55916922,-122.6514316",Bamboo Sushi,Sushi Bars,1409 NE Alberta St,$$,4.0,272,Open,17.012461619095635,630,Sushi Restaurant,8,63,45.55916922,-122.6514316,0
153,1265,"45.55916922,-122.6514316",Radio Room,American (New),1101 NE Alberta St,$$,3.5,777,Open,225.18479598733043,635,Bar,226,63,45.55916922,-122.6514316,0
154,1271,"45.55916922,-122.6514316",The Bye and Bye,Vegan,1011 NE Alberta St,$$,4.0,925,Open,294.4734185206537,636,Speakeasy,296,63,45.55916922,-122.6514316,0
155,1272,"45.55916922,-122.6514316",Petite Provence,Bakeries,1824 NE Alberta St,$$,4.5,1415,Open,409.0492809267316,639,Bakery,406,63,45.55916922,-122.6514316,0
156,1282,"45.55913676,-122.6554307",Radio Room,American (New),1101 NE Alberta St,$$,3.5,777,Open,88.4882293929276,641,Bar,85,64,45.55913676,-122.6554307,0
157,1283,"45.55913676,-122.6554307",The Bye and Bye,Vegan,1011 NE Alberta St,$$,4.0,925,Open,28.715994647808017,640,Speakeasy,18,64,45.55913676,-122.6554307,0
158,1286,"45.55913676,-122.6554307",Tin Shed Garden Cafe,American (New),1438 NE Alberta St,$$,4.5,1965,Open,355.00001728981806,644,American Restaurant,347,64,45.55913676,-122.6554307,0
159,1292,"45.55913676,-122.6554307",Bamboo Sushi,Sushi Bars,1409 NE Alberta St,$$,4.0,272,Open,326.3291896984244,643,Sushi Restaurant,319,64,45.55913676,-122.6554307,0
160,1316,"45.52358836,-122.6619177",Dimo's Apizza,Pizza,701 E Burnside St,$$,4.0,137,Open,276.88980407365506,655,Pizzeria,271,65,45.52358836,-122.6619177,4
161,1321,"45.52507854,-122.6775563",Deschutes Brewery Portland Public House,Brewpubs,210 NW 11th Ave,$$,4.0,3487,Open,340.133985275895,664,Bar,349,66,45.52507854,-122.6775563,0
162,1340,"45.5048393,-122.6296306",Ava Gene's,American (New),3377 SE Division St,$$$,4.0,733,Open,7.812360920323324,670,Italian Restaurant,14,67,45.5048393,-122.6296306,7
163,1341,"45.5048393,-122.6296306",Cibo,Italian,3539 SE Division St,$$,4.0,541,Open,145.1897083520158,674,Pizzeria,140,67,45.5048393,-122.6296306,7
164,1342,"45.5048393,-122.6296306",PDX Sliders,Burgers,3111 SE Division St,$$,4.5,483,Open,303.9069343215483,679,Burger Joint,297,67,45.5048393,-122.6296306,7
165,1343,"45.5048393,-122.6296306",Little Beast Brewing Beer Garden,Breweries,3412 SE Division St,$$,4.0,120,Open,46.21065371905251,672,Beer Bar,43,67,45.5048393,-122.6296306,7
166,1346,"45.5048393,-122.6296306",Lauretta Jean's,Bakeries,3402 SE Division St,$,4.0,576,Open,28.79810444743078,671,Bakery,18,67,45.5048393,-122.6296306,7
167,1347,"45.5048393,-122.6296306",The Richmond Bar,American (Traditional),3203 SE Division St,$$,4.0,136,Open,224.9721156116989,677,Cocktail Bar,223,67,45.5048393,-122.6296306,7
168,1348,"45.5048393,-122.6296306",Oma's Hideaway,Asian Fusion,3131 SE Division St,$$,4.0,227,Open,254.21343009752775,676,Dessert Shop,250,67,45.5048393,-122.6296306,7
169,1350,"45.5048393,-122.6296306",Salt & Straw,Ice Cream & Frozen Yogurt,3345 SE Division St,$$,4.5,1544,Open,75.4894264427246,673,Ice Cream Parlor,65,67,45.5048393,-122.6296306,7
170,1361,"45.50468892,-122.6345551",PDX Sliders,Burgers,3111 SE Division St,$$,4.5,483,Open,83.82756764976182,683,Burger Joint,87,68,45.50468892,-122.6345551,4
171,1362,"45.50468892,-122.6345551",Mestizo,Latin American,2910 SE Division St,$$,4.5,168,Open,70.71259253696384,684,Bar,76,68,45.50468892,-122.6345551,4
172,1363,"45.50468892,-122.6345551",Bollywood Theater,Indian,3010 SE Division St,$$,4.0,773,Open,11.383393503696666,680,Indian Restaurant,12,68,45.50468892,-122.6345551,4
173,1364,"45.50468892,-122.6345551",Oma's Hideaway,Asian Fusion,3131 SE Division St,$$,4.0,227,Open,134.40324203027532,682,Dessert Shop,135,68,45.50468892,-122.6345551,4
174,1368,"45.50468892,-122.6345551",Ava Gene's,American (New),3377 SE Division St,$$$,4.0,733,Open,379.0220817259676,688,Italian Restaurant,371,68,45.50468892,-122.6345551,4
175,1369,"45.50468892,-122.6345551",The Richmond Bar,American (Traditional),3203 SE Division St,$$,4.0,136,Open,159.76838805011866,685,Cocktail Bar,161,68,45.50468892,-122.6345551,4
176,1379,"45.50468892,-122.6345551",Salt & Straw,Ice Cream & Frozen Yogurt,3345 SE Division St,$$,4.5,1544,Open,312.01761460595907,686,Ice Cream Parlor,318,68,45.50468892,-122.6345551,4
177,1422,"45.50971347,-122.6777159",Murata Restaurant,Japanese,200 SW Market St,$$,4.5,394,Open,234.07059026615445,710,Sushi Restaurant,262,71,45.50971347,-122.6777159,0
178,1423,"45.50971347,-122.6777159",Duck House Chinese Restaurant,Chinese,1968 SW 5th Ave,$$,4.0,999,Open,383.9423222670388,717,Chinese Restaurant,381,71,45.50971347,-122.6777159,0
179,1465,"45.53550403,-122.7006608",Life of Pie,Pizza,1765 NW 23rd Ave,$$,4.5,254,Open,142.51579076622258,732,Pizzeria,126,73,45.53550403,-122.7006608,0
180,1478,"45.53550403,-122.7006608",Lela's Bistro,Vietnamese,1524 NW 23rd Ave,$$,4.5,414,Open,253.03189188601985,739,Vietnamese Restaurant,242,73,45.53550403,-122.7006608,0
181,1482,"45.53409115,-122.6949424",Please Louise,Pizza,1505 NW 21st Ave,$$,4.5,207,Open,53.826847612924645,740,Bar,60,74,45.53409115,-122.6949424,6
182,1483,"45.53409115,-122.6949424",Breakside Brewery,American (Traditional),1570 NW 22nd Ave,$$,4.0,373,Open,128.20056168006394,743,Beer Bar,119,74,45.53409115,-122.6949424,6
183,1484,"45.53409115,-122.6949424",Mama Bird,Chicken Shop,2145 NW Raleigh St,$$,4.5,151,Open,52.14795470852335,744,Wine Bar,47,74,45.53409115,-122.6949424,6
184,1551,"45.53142501,-122.6895659",Please Louise,Pizza,1505 NW 21st Ave,$$,4.5,207,Open,488.2634330727815,777,Bar,478,77,45.53142501,-122.6895659,0
185,1552,"45.53142501,-122.6895659",Serratto,Italian,2112 NW Kearney St,$$$,4.0,717,Open,483.791300752323,778,Italian Restaurant,480,77,45.53142501,-122.6895659,0
186,1561,"45.55902314,-122.6355462",Urdaneta,Tapas/Small Plates,3033 NE Alberta St,$$$,4.5,342,Open,118.61143479069742,783,Tapas Restaurant,111,78,45.55902314,-122.6355462,0
187,1564,"45.55902314,-122.6355462",Dame,Wine Bars,2930 NE Killingsworth St,$$$,4.5,187,Open,392.2687229455409,787,Wine Bar,405,78,45.55902314,-122.6355462,0
188,1582,"45.56453067,-122.6305372",Dame,Wine Bars,2930 NE Killingsworth St,$$$,4.5,187,Open,425.7348863750522,799,Wine Bar,405,79,45.56453067,-122.6305372,3
189,1602,"45.55568352,-122.6506644",Tin Shed Garden Cafe,American (New),1438 NE Alberta St,$$,4.5,1965,Open,367.6990704500621,802,American Restaurant,374,80,45.55568352,-122.6506644,1
190,1606,"45.55568352,-122.6506644",Petite Provence,Bakeries,1824 NE Alberta St,$$,4.5,1415,Open,502.0872869668483,808,Bakery,499,80,45.55568352,-122.6506644,1
191,1613,"45.55568352,-122.6506644",Bamboo Sushi,Sushi Bars,1409 NE Alberta St,$$,4.0,272,Open,398.6083364284339,803,Sushi Restaurant,393,80,45.55568352,-122.6506644,1
192,1625,"45.54828551,-122.6508106",The Pocket Pub,Cocktail Bars,2719 NE 7th Ave,$$,4.5,180,Open,905.2298860481108,819,Cocktail Bar,895,81,45.54828551,-122.6508106,5
193,1629,"45.54828551,-122.6508106",Lucca,Italian,3449 NE 24th Ave,$$,4.0,343,Open,727.2548738290027,815,Pizzeria,734,81,45.54828551,-122.6508106,5
194,1638,"45.54828551,-122.6508106",Guilder,Coffee Roasteries,2393 NE Fremont St,$,4.5,110,Open,731.8296640537297,813,Coffee Shop,737,81,45.54828551,-122.6508106,5
195,1643,"45.56251948,-122.6770306",Tulip Shop Tavern,American (Traditional),825 N Killingsworth St,$$,4.0,108,Open,115.97153425448548,823,Cocktail Bar,112,82,45.56251948,-122.6770306,0
196,1644,"45.56251948,-122.6770306",Sweedeedee,Breakfast & Brunch,5202 N Albina Ave,$$,4.0,558,Open,279.6873838698956,825,Café,275,82,45.56251948,-122.6770306,0
197,1647,"45.56251948,-122.6770306",Victoria,Cocktail Bars,4835 N Albina Ave,$$,4.0,252,Open,517.4816084977659,828,Cocktail Bar,508,82,45.56251948,-122.6770306,0
198,1649,"45.56251948,-122.6770306",Saraveza,"Beer, Wine & Spirits",1004 N Killingsworth St,$$,4.0,302,Open,13.820537766423692,820,Wine Bar,12,82,45.56251948,-122.6770306,0
199,1660,"45.55522233,-122.6818612",Pinky's Pizza,Pizza,3990 N Interstate Ave,$$,4.5,279,Open,372.1917392465401,831,Pizzeria,351,83,45.55522233,-122.6818612,1
200,1661,"45.55522233,-122.6818612",Fire on the Mountain,Barbeque,4225 N Interstate Ave,$$,3.5,504,Open,123.1273256023173,830,BBQ Joint,120,83,45.55522233,-122.6818612,1
201,1662,"45.55522233,-122.6818612",Interurban,Bars,4057 N Mississippi Ave,$$,4.0,556,Open,539.318596682409,837,Lounge,538,83,45.55522233,-122.6818612,1
202,1663,"45.55522233,-122.6818612",Matt's BBQ,Food Trucks,4233 N Mississippi Ave,$$,4.5,618,Open,478.8213748003592,833,BBQ Joint,492,83,45.55522233,-122.6818612,1
203,1671,"45.55522233,-122.6818612",Prost,Pubs,4237 N Mississippi Ave,$$,4.0,516,Open,483.0136270099464,834,Beer Garden,482,83,45.55522233,-122.6818612,1
204,1680,"45.52649493,-122.6416328",Screen Door Eastside,Southern,2337 E Burnside St,$$,4.5,8387,Open,379.0953728900285,848,American Restaurant,391,84,45.52649493,-122.6416328,2
205,1681,"45.52649493,-122.6416328",Han Oak,Korean,511 NE 24th Ave,$$$$,4.0,330,Open,34.90872482129599,842,Korean Restaurant,39,84,45.52649493,-122.6416328,2
206,1683,"45.52649493,-122.6416328",Stammtisch,German,401 NE 28th Ave,$$,4.5,517,Open,337.8153785864992,845,Gastropub,342,84,45.52649493,-122.6416328,2
207,1684,"45.52649493,-122.6416328",Pambiche,Cuban,2811 NE Glisan St,$$,4.0,1635,Open,367.04680885928633,847,Ice Cream Parlor,367,84,45.52649493,-122.6416328,2
208,1687,"45.52649493,-122.6416328",Culmination Brewing,Breweries,2117 NE Oregon St,$$,4.5,183,Open,322.2476158534058,844,Bar,309,84,45.52649493,-122.6416328,2
209,1693,"45.52649493,-122.6416328",Dove Vivi,Pizza,2727 NE Glisan St,$$,4.0,578,Open,318.12518304770714,846,Pizzeria,329,84,45.52649493,-122.6416328,2
210,1694,"45.52649493,-122.6416328",The Pie Spot,Desserts,521 NE 24th Ave,$,4.5,572,Open,45.74727287018872,841,Bakery,26,84,45.52649493,-122.6416328,2
211,1721,"45.55458563,-122.6755413",Interurban,Bars,4057 N Mississippi Ave,$$,4.0,556,Open,179.99018335315506,863,Lounge,172,86,45.55458563,-122.6755413,1
212,1722,"45.55458563,-122.6755413",Matt's BBQ,Food Trucks,4233 N Mississippi Ave,$$,4.5,618,Open,32.391994110494615,860,BBQ Joint,21,86,45.55458563,-122.6755413,1
213,1723,"45.55458563,-122.6755413",Prost,Pubs,4237 N Mississippi Ave,$$,4.0,516,Open,16.65470592223499,861,Beer Garden,18,86,45.55458563,-122.6755413,1
214,1746,"45.55941042,-122.6685226",Victoria,Cocktail Bars,4835 N Albina Ave,$$,4.0,252,Open,546.3455300618135,871,Cocktail Bar,530,87,45.55941042,-122.6685226,3
215,1761,"45.52487653,-122.6965141",RingSide Steakhouse,Steakhouses,2165 W Burnside St,$$$,4.0,1047,Open,161.86985895141208,883,American Restaurant,180,88,45.52487653,-122.6965141,0
216,1765,"45.52487653,-122.6965141",Elephants Delicatessen,Soup,115 NW 22nd Ave,$$,4.5,842,Open,101.73573526479458,880,Deli,116,88,45.52487653,-122.6965141,0
217,1776,"45.52487653,-122.6965141",Ken's Artisan Bakery,Bakeries,338 NW 21st Ave,$,4.5,915,Open,189.6128707361572,881,Bakery,181,88,45.52487653,-122.6965141,0
218,1781,"45.53508224,-122.6505639",Blossoming Lotus,Vegan,1713 NE 15th Ave,$$,4.5,1305,Open,50.79203397131071,890,Vegan and Vegetarian Restaurant,28,89,45.53508224,-122.6505639,1
219,1794,"45.53508224,-122.6505639",Taste Tickler,Sandwiches,1704 NE 14th Ave,$,4.5,395,Open,63.600811796142615,893,Diner,67,89,45.53508224,-122.6505639,1
220,1797,"45.53508224,-122.6505639",Koji Osakaya Japanese Restaurant,Japanese,1502 NE Weidler St,$$,3.5,161,Open,101.3887963325396,895,Sushi Restaurant,100,89,45.53508224,-122.6505639,1
221,1798,"45.53508224,-122.6505639",Milo's City Cafe,American (Traditional),1325 NE Broadway St,$$,4.0,486,Open,101.15073781395245,894,Burger Joint,97,89,45.53508224,-122.6505639,1
222,1800,"45.51936283,-122.6359928",Ken's Artisan Pizza,Pizza,304 SE 28th Ave,$$,4.5,893,Open,166.12708917547684,902,Pizzeria,173,90,45.51936283,-122.6359928,4
223,1803,"45.51936283,-122.6359928",Baby Doll Pizza,Pizza,2835 SE Stark St,$$,4.5,522,Open,41.08627954072502,900,Pizzeria,47,90,45.51936283,-122.6359928,4
224,1810,"45.51936283,-122.6359928",Cheese & Crack Snack Shop,Cheese Shops,22 SE 28th Ave,$$,4.5,547,Open,354.03043559934554,905,American Restaurant,361,90,45.51936283,-122.6359928,4
225,1820,"45.5033655,-122.6447314",Yama Sushi & Izakaya,Sushi Bars,2038 SE Clinton St,$$,4.0,513,Open,3.4781640776889065,911,Tapas Restaurant,8,91,45.5033655,-122.6447314,10
226,1821,"45.5033655,-122.6447314",Jacqueline,Cocktail Bars,2039 SE Clinton St,$$,4.5,381,Open,17.803834110254886,910,Cocktail Bar,11,91,45.5033655,-122.6447314,10
227,1823,"45.5033655,-122.6447314",Nuestra Cocina,Mexican,2135 SE Division St,$$,4.5,621,Open,196.77059572076476,914,Latin American Restaurant,183,91,45.5033655,-122.6447314,10
228,1832,"45.5033655,-122.6447314",Fifty Licks,Ice Cream & Frozen Yogurt,2021 SE Clinton St,$$,4.5,569,Open,36.79109132226628,912,Ice Cream Parlor,25,91,45.5033655,-122.6447314,10
229,1837,"45.5033655,-122.6447314",Reel M Inn,American (Traditional),2430 SE Division St,$$,4.0,412,Open,354.60840077500035,919,Dive Bar,355,91,45.5033655,-122.6447314,10
230,1842,"45.51636144,-122.6460457",Nostrana,Italian,1401 SE Morrison St,$$$,4.0,1130,Open,426.207490459899,922,Pizzeria,441,92,45.51636144,-122.6460457,5
231,1845,"45.51636144,-122.6460457",Mirisata,Sri Lankan,2420 SE Belmont St,$$,4.5,164,Open,393.4078393917888,923,Sri Lankan Restaurant,393,92,45.51636144,-122.6460457,5
232,1846,"45.51636144,-122.6460457",Pad Thai Kitchen,Thai,2309 SE Belmont St,$$,4.0,532,Open,303.119283370598,920,Thai Restaurant,296,92,45.51636144,-122.6460457,5
233,1851,"45.51636144,-122.6460457",Devil's Dill Sandwich Shop,Sandwiches,1711 SE Hawthorne Blvd,$$,4.5,381,Open,481.2846758073051,926,Sandwich Spot,485,92,45.51636144,-122.6460457,5
234,1860,"45.5627419,-122.6889932",The Old Gold,Bars,2105 N Killingsworth St,$$,4.0,201,Open,23.528273013952152,930,Whisky Bar,18,93,45.5627419,-122.6889932,0
235,1861,"45.5627419,-122.6889932",Backyard Social,Venues & Event Spaces,1914 N Killingsworth St,$$,4.5,112,Open,171.45238306084337,933,Beer Garden,170,93,45.5627419,-122.6889932,0
236,1867,"45.5627419,-122.6889932",The Stacks Coffeehouse,Coffee & Tea,1831 N Killingsworth St,,4.5,52,Open,216.73529901959543,935,Coffee Shop,218,93,45.5627419,-122.6889932,0
237,1868,"45.5627419,-122.6889932",Mee Dee Thai Cuisine,Thai,2731 N Killingsworth St,$$,4.0,132,Open,497.2927637368465,938,Thai Restaurant,495,93,45.5627419,-122.6889932,0
238,1877,"45.5627419,-122.6889932",Blend Coffee Lounge,Coffee & Tea,2710 N Killingsworth St,$,4.5,127,Open,457.1996252261092,936,Coffee Shop,459,93,45.5627419,-122.6889932,0
239,1880,"45.50936198,-122.6812121",Duck House Chinese Restaurant,Chinese,1968 SW 5th Ave,$$,4.0,999,Open,108.71731195970898,940,Chinese Restaurant,107,94,45.50936198,-122.6812121,0
240,1885,"45.50936198,-122.6812121",Murata Restaurant,Japanese,200 SW Market St,$$,4.5,394,Open,331.0846099409527,944,Sushi Restaurant,369,94,45.50936198,-122.6812121,0
241,1900,"45.56274555,-122.6480594",Hat Yai,Thai,1605 NE Killingsworth St,$$,4.5,690,Open,61.982024155362645,950,Thai Restaurant,57,95,45.56274555,-122.6480594,0
242,1907,"45.56274555,-122.6480594",Tin Shed Garden Cafe,American (New),1438 NE Alberta St,$$,4.5,1965,Open,471.96480275594695,957,American Restaurant,468,95,45.56274555,-122.6480594,0
243,1908,"45.56274555,-122.6480594",Petite Provence,Bakeries,1824 NE Alberta St,$$,4.5,1415,Open,448.1468938075616,954,Bakery,448,95,45.56274555,-122.6480594,0
244,1920,"45.56271655,-122.6350486",Dame,Wine Bars,2930 NE Killingsworth St,$$$,4.5,187,Open,23.07409334275696,961,Wine Bar,7,96,45.56271655,-122.6350486,9
245,1925,"45.56271655,-122.6350486",Urdaneta,Tapas/Small Plates,3033 NE Alberta St,$$$,4.5,342,Open,399.34463011283646,966,Tapas Restaurant,404,96,45.56271655,-122.6350486,9
246,1944,"45.52279251,-122.6566163",Scotch Lodge,Cocktail Bars,215 SE 9th Ave,$$,4.5,157,Open,161.74362853976186,975,Cocktail Bar,155,97,45.52279251,-122.6566163,3
247,1945,"45.52279251,-122.6566163",Hey Love,Breakfast & Brunch,920 E Burnside St,$$,4.0,349,Open,29.94494905036436,970,Cocktail Bar,35,97,45.52279251,-122.6566163,3
248,1947,"45.52279251,-122.6566163",Noble Rot,Wine Bars,1111 E Burnside St,$$$,4.0,700,Open,166.88310148575928,979,Wine Bar,180,97,45.52279251,-122.6566163,3
249,1948,"45.52279251,-122.6566163",Bar Casa Vale,Tapas Bars,215 SE 9th Ave,$$$,4.0,230,Open,162.98128977592063,976,Cocktail Bar,192,97,45.52279251,-122.6566163,3
250,1949,"45.52279251,-122.6566163",Doug Fir Lounge,American (Traditional),830 E Burnside St,$$,3.5,1026,Open,23.359215497236587,971,Music Venue,27,97,45.52279251,-122.6566163,3
251,1954,"45.52279251,-122.6566163",Dimo's Apizza,Pizza,701 E Burnside St,$$,4.0,137,Open,152.89766362897325,974,Pizzeria,151,97,45.52279251,-122.6566163,3
252,1972,"45.51186486,-122.6210475",The Waffle Window,Breakfast & Brunch,3610 SE Hawthorne Blvd,$$,4.5,1867,Open,421.338191927758,989,Fast Food Restaurant,432,98,45.51186486,-122.6210475,2
253,1979,"45.51186486,-122.6210475",Harlow,Vegan,3632 SE Hawthorne Blvd,$$,4.0,982,Open,387.32179214113626,985,Burger Joint,397,98,45.51186486,-122.6210475,2
254,2005,"45.53400578,-122.6555675",Blossoming Lotus,Vegan,1713 NE 15th Ave,$$,4.5,1305,Open,404.3062670816761,1007,Vegan and Vegetarian Restaurant,414,100,45.53400578,-122.6555675,1
255,2016,"45.53400578,-122.6555675",Taste Tickler,Sandwiches,1704 NE 14th Ave,$,4.5,395,Open,354.09873084541493,1004,Diner,344,100,45.53400578,-122.6555675,1
256,2017,"45.53400578,-122.6555675",Milo's City Cafe,American (Traditional),1325 NE Broadway St,$$,4.0,486,Open,327.87049510513646,1003,Burger Joint,320,100,45.53400578,-122.6555675,1
257,2022,"45.53966541,-122.6118851",Zien Hong,Chinese,5314 NE Sandy Blvd,$$,4.0,481,Open,271.93630252052554,1015,Chinese Restaurant,263,101,45.53966541,-122.6118851,1
258,2023,"45.53966541,-122.6118851",Killer Burger,Burgers,4644 NE Sandy Blvd,$$,4.0,880,Open,310.6146990920934,1013,Burger Joint,314,101,45.53966541,-122.6118851,1
259,2026,"45.53966541,-122.6118851",Du's Grill,Japanese,5365 NE Sandy Blvd,$$,4.5,481,Open,351.86424529614146,1016,BBQ Joint,342,101,45.53966541,-122.6118851,1
260,2040,"45.5559258,-122.6008129",Cully Central,Beer Gardens,4579 NE Cully Blvd,$$,5.0,208,Open,79.49296208201072,1020,Beer Garden,71,102,45.5559258,-122.6008129,0
261,2049,"45.5559258,-122.6008129",Angel Food & Fun,Mexican,5135 NE 60th Ave,$,4.5,186,Open,463.4892402250752,1026,Mexican Restaurant,461,102,45.5559258,-122.6008129,0
262,2050,"45.5559258,-122.6008129",Fire On The Mountain,Barbeque,3443 NE 57th Ave,$$,3.5,599,Open,936.46923045878,1029,Pizzeria,929,102,45.5559258,-122.6008129,0
263,2054,"45.5559258,-122.6008129",Bison Coffee House,Coffee & Tea,3941 NE Cully Blvd,$,4.5,158,Open,533.988401243542,1025,Coffee Shop,542,102,45.5559258,-122.6008129,0
264,2062,"45.55836114,-122.6203609",Pizza Jerk,Pizza,5028 NE 42nd Ave,$$,3.5,277,Open,115.74893082540672,1031,Pizzeria,109,103,45.55836114,-122.6203609,5
265,2064,"45.55836114,-122.6203609",Santo Domingo Taqueria,Mexican,5447 NE 42nd Ave,$,4.0,161,Open,468.7146360719101,1032,Mexican Restaurant,474,103,45.55836114,-122.6203609,5
266,2080,"45.52646211,-122.6093034",Tabor Tavern,American (New),5325 E Burnside St,$$,4.0,628,Open,391.7613858871978,1039,Bar,399,104,45.52646211,-122.6093034,5
267,2081,"45.52646211,-122.6093034",Wajan,Indonesian,4611 E Burnside St,$$,4.5,251,Open,588.7096845725252,1040,Indonesian Restaurant,589,104,45.52646211,-122.6093034,5
268,2082,"45.52646211,-122.6093034",Big's Chicken,Chicken Wings,4606 NE Glisan St,$$,4.0,155,Open,478.79739132487214,1043,Fried Chicken Joint,480,104,45.52646211,-122.6093034,5
269,2096,"45.52646211,-122.6093034",American Dream Pizza,Pizza,4620 NE Glisan St,$$,3.5,297,Open,461.5647884406504,1041,Pizzeria,467,104,45.52646211,-122.6093034,5
270,2105,"45.52181825,-122.7044079",Elephants Delicatessen,Soup,115 NW 22nd Ave,$$,4.5,842,Open,647.6644711137922,1055,Deli,651,105,45.52181825,-122.7044079,1
271,2114,"45.52181825,-122.7044079",Portland Japanese Garden,Botanical Gardens,611 SW Kingston Ave,,4.5,1313,Open,414.8571506661272,1051,Botanical Garden,422,105,45.52181825,-122.7044079,1
272,2119,"45.52181825,-122.7044079",International Rose Test Garden,Botanical Gardens,400 SW Kingston Ave,,4.5,828,Open,329.4852713975585,1049,Park,319,105,45.52181825,-122.7044079,1
273,2129,"45.52862062,-122.6905073",Serratto,Italian,2112 NW Kearney St,$$$,4.0,717,Open,331.44892185078595,1062,Italian Restaurant,329,106,45.52862062,-122.6905073,3
274,2139,"45.52862062,-122.6905073",Bantam Tavern,Brewpubs,922 NW 21st Ave,$$,4.5,83,Open,318.83129502527817,1059,Cocktail Bar,318,106,45.52862062,-122.6905073,3
275,2140,"45.56250716,-122.5943702",Cully Central,Beer Gardens,4579 NE Cully Blvd,$$,5.0,208,Open,807.99244923053,1070,Beer Garden,814,107,45.56250716,-122.5943702,1
276,2145,"45.56250716,-122.5943702",Angel Food & Fun,Mexican,5135 NE 60th Ave,$,4.5,186,Open,589.9421697064994,1068,Mexican Restaurant,573,107,45.56250716,-122.5943702,1
277,2157,"45.56250716,-122.5943702",Colwood Golf Center,Golf,7313 NE Columbia Blvd,,3.5,35,Open,729.8995063857725,1069,Golf Course,711,107,45.56250716,-122.5943702,1
278,2159,"45.56250716,-122.5943702",Starbucks,Coffee & Tea,6020 NE Columbia Blvd,$$,3.5,17,Open,810.485528429111,1071,Coffee Shop,815,107,45.56250716,-122.5943702,1
279,2162,"45.53677138,-122.61884",Moon & Sixpence British Pub,Pubs,2014 NE 42nd Ave,$$,4.0,230,Open,88.62482565782767,1078,Lounge,100,108,45.53677138,-122.61884,3
280,2167,"45.53677138,-122.61884",Doe Donuts,Donuts,4110 NE Sandy Blvd,$,4.5,744,Open,244.78127652474728,1085,Donut Shop,251,108,45.53677138,-122.61884,3
281,2169,"45.53677138,-122.61884",Sizzle Pie,Pizza,4144 NE Sandy Blvd,$,3.5,95,Open,173.1437094464326,1083,Pizzeria,165,108,45.53677138,-122.61884,3
282,2203,"45.49787392,-122.6375156",Rudy's Gourmet Pizza,Pizza,2443 SE Powell Blvd,$$,4.0,458,Open,269.44906168871506,1100,Pizzeria,268,110,45.49787392,-122.6375156,0
283,2214,"45.49787392,-122.6375156",Rocio's,Mexican,2850 SE Gladstone St,$$,4.0,335,Open,529.0566679938297,1103,Cocktail Bar,521,110,45.49787392,-122.6375156,0
284,2223,"45.53689808,-122.6199692",Moon & Sixpence British Pub,Pubs,2014 NE 42nd Ave,$$,4.0,230,Open,53.50281634022999,1107,Lounge,52,111,45.53689808,-122.6199692,3
285,2226,"45.53689808,-122.6199692",Doe Donuts,Donuts,4110 NE Sandy Blvd,$,4.5,744,Open,201.8255652818613,1114,Donut Shop,205,111,45.53689808,-122.6199692,3
286,2228,"45.53689808,-122.6199692",Sizzle Pie,Pizza,4144 NE Sandy Blvd,$,3.5,95,Open,133.31020970696167,1112,Pizzeria,125,111,45.53689808,-122.6199692,3
287,2257,"45.51556831,-122.6738924",Killer Burger,Burgers,510 SW 3rd Ave,$$,4.0,878,Open,453.0160398098864,1123,Bar,425,112,45.51556831,-122.6738924,0
288,2264,"45.50350608,-122.6110657",Petite Provence,French,4834 SE Division St,$$,4.0,701,Open,199.81989076182344,1127,Bakery,221,113,45.50350608,-122.6110657,0
289,2286,"45.5301398,-122.6546824",Gather Food & Drink,Lounges,1000 NE Multnomah St,$$,3.5,83,Open,98.5664525967972,1137,Cocktail Bar,92,114,45.5301398,-122.6546824,1
290,2288,"45.5301398,-122.6546824",Blossoming Lotus,Vegan,1713 NE 15th Ave,$$,4.5,1305,Open,666.9619652470054,1145,Vegan and Vegetarian Restaurant,659,114,45.5301398,-122.6546824,1
291,2300,"45.49334301,-122.6369745",Rocio's,Mexican,2850 SE Gladstone St,$$,4.0,335,Open,52.99423190337279,1147,Cocktail Bar,51,115,45.49334301,-122.6369745,1
292,2303,"45.49334301,-122.6369745",Yoko's Japanese Restaurant,Japanese,2878 SE Gladstone St,$$,4.0,402,Open,73.06115630439211,1149,Sushi Restaurant,77,115,45.49334301,-122.6369745,1
293,2400,"45.52500056,-122.6811048",Deschutes Brewery Portland Public House,Brewpubs,210 NW 11th Ave,$$,4.0,3487,Open,72.90008384970405,1198,Bar,85,120,45.52500056,-122.6811048,0
294,2402,"45.52500056,-122.6811048",Mediterranean Exploration Company,Mediterranean,333 NW 13th Ave,$$,4.5,951,Open,269.3322860192369,1204,Mediterranean Restaurant,264,120,45.52500056,-122.6811048,0
295,2422,"45.51782551,-122.6724963",Lechon,Tapas Bars,113 SW Naito Pkwy,$$$,4.5,1825,Open,411.748820738102,1216,American Restaurant,409,121,45.51782551,-122.6724963,1
296,2423,"45.51782551,-122.6724963",Portland Burger,Burgers,304 SW 2nd Ave,$$,4.5,629,Open,290.3245850284296,1211,Beer Bar,288,121,45.51782551,-122.6724963,1
297,2431,"45.51782551,-122.6724963",Killer Burger,Burgers,510 SW 3rd Ave,$$,4.0,878,Open,276.72706163343463,1210,Bar,245,121,45.51782551,-122.6724963,1
298,2447,"45.51889487,-122.6774061",Killer Burger,Burgers,510 SW 3rd Ave,$$,4.0,878,Open,198.69722454215184,1220,Bar,209,122,45.51889487,-122.6774061,2
299,2460,"45.52269573,-122.6703492",Lechon,Tapas Bars,113 SW Naito Pkwy,$$$,4.5,1825,Open,155.95250801205793,1227,American Restaurant,157,123,45.52269573,-122.6703492,2
300,2468,"45.52269573,-122.6703492",Portland Burger,Burgers,304 SW 2nd Ave,$$,4.5,629,Open,325.2319559767206,1230,Beer Bar,333,123,45.52269573,-122.6703492,2
301,2506,"45.51803412,-122.6755071",Killer Burger,Burgers,510 SW 3rd Ave,$$,4.0,878,Open,173.7632431095976,1250,Bar,155,125,45.51803412,-122.6755071,2
302,2509,"45.51803412,-122.6755071",Portland Burger,Burgers,304 SW 2nd Ave,$$,4.5,629,Open,330.7362995839392,1255,Beer Bar,322,125,45.51803412,-122.6755071,2
303,2521,"45.5211726,-122.6763654",Lechon,Tapas Bars,113 SW Naito Pkwy,$$$,4.5,1825,Open,436.9026044344859,1266,American Restaurant,437,126,45.5211726,-122.6763654,7
304,2531,"45.5211726,-122.6763654",Portland Burger,Burgers,304 SW 2nd Ave,$$,4.5,629,Open,278.024436096203,1259,Beer Bar,269,126,45.5211726,-122.6763654,7
305,2532,"45.5211726,-122.6763654",Killer Burger,Burgers,510 SW 3rd Ave,$$,4.0,878,Open,206.6963596240649,1258,Bar,237,126,45.5211726,-122.6763654,7
306,2560,"45.52247868,-122.6732969",Lechon,Tapas Bars,113 SW Naito Pkwy,$$$,4.5,1825,Open,235.6235878845715,1278,American Restaurant,237,128,45.52247868,-122.6732969,1
307,2566,"45.52247868,-122.6732969",Portland Burger,Burgers,304 SW 2nd Ave,$$,4.5,629,Open,230.84135477860647,1277,Beer Bar,232,128,45.52247868,-122.6732969,1
308,2624,"45.5120668,-122.6536974",Grassa,Italian,1375 SE Hawthorne Blvd,$$,4.0,139,Open,144.9315492673358,1311,Italian Restaurant,149,131,45.5120668,-122.6536974,2
309,2628,"45.5120668,-122.6536974",Pyro Pizza,Pizza,1207 SE Hawthorne Blvd,$,4.5,377,Open,46.26515177641853,1307,Pizzeria,30,131,45.5120668,-122.6536974,2
310,2641,"45.5200329,-122.7061544",Portland Japanese Garden,Botanical Gardens,611 SW Kingston Ave,,4.5,1313,Open,177.24699036855097,1319,Botanical Garden,184,132,45.5200329,-122.7061544,3
311,2645,"45.5200329,-122.7061544",International Rose Test Garden,Botanical Gardens,400 SW Kingston Ave,,4.5,828,Open,91.8467519535482,1318,Park,114,132,45.5200329,-122.7061544,3
312,2668,"45.5041321,-122.5451016",Ez Freezy,Ice Cream & Frozen Yogurt,11904 SE Division St,$,4.0,54,Open,327.70790350144694,1328,Frozen Yogurt Shop,358,133,45.5041321,-122.5451016,0
313,2680,"45.52384,-122.673508",Lechon,Tapas Bars,113 SW Naito Pkwy,$$$,4.5,1825,Open,352.26723987171806,1339,American Restaurant,354,134,45.52384,-122.673508,2
314,2690,"45.52384,-122.673508",Portland Burger,Burgers,304 SW 2nd Ave,$$,4.5,629,Open,383.1029750656103,1340,Beer Bar,384,134,45.52384,-122.673508,2
315,2700,"45.526473,-122.6026943",Tabor Tavern,American (New),5325 E Burnside St,$$,4.0,628,Open,587.1157095719343,1350,Bar,594,135,45.526473,-122.6026943,7
316,2721,"45.5891923,-122.7389314",Big Kahuna's BBQ & Catering,Hawaiian,7123 N Lombard St,$,4.0,125,Open,222.32452464891517,1357,BBQ Joint,212,136,45.5891923,-122.7389314,0
317,2729,"45.5891923,-122.7389314",Leisure Public House,Pubs,8002 N Lombard St,$,4.5,235,Open,723.9666840990405,1364,Bar,722,136,45.5891923,-122.7389314,0
318,2749,"45.5152252,-122.6783454",Murata Restaurant,Japanese,200 SW Market St,$$,4.5,394,Open,390.2341454554484,1373,Sushi Restaurant,354,137,45.5152252,-122.6783454,0
319,2770,"45.5127694,-122.6834745",Murata Restaurant,Japanese,200 SW Market St,$$,4.5,394,Open,395.8512492885594,1386,Sushi Restaurant,405,138,45.5127694,-122.6834745,0
320,2780,"45.5105937,-122.6854322",Duck House Chinese Restaurant,Chinese,1968 SW 5th Ave,$$,4.0,999,Open,268.0023111935861,1389,Chinese Restaurant,257,139,45.5105937,-122.6854322,1
321,2790,"45.5105937,-122.6854322",Murata Restaurant,Japanese,200 SW Market St,$$,4.5,394,Open,545.4502588212389,1394,Sushi Restaurant,572,139,45.5105937,-122.6854322,1
322,2803,"45.5229692,-122.6790213",Deschutes Brewery Portland Public House,Brewpubs,210 NW 11th Ave,$$,4.0,3487,Open,288.858636902434,1405,Bar,289,140,45.5229692,-122.6790213,4
323,2848,"45.5664147,-122.6607857",Breakside Brewery,Gastropubs,820 NE Dekum St,$$,4.0,695,Open,641.8548941976254,1425,Bar,660,142,45.5664147,-122.6607857,3
324,2858,"45.5664147,-122.6607857",Popeyes Louisiana Kitchen,Fast Food,5949 NE M L King Blvd,$,3.5,66,Open,90.64284543251974,1418,American Restaurant,87,142,45.5664147,-122.6607857,3
325,2861,"45.5696768,-122.6820685",Nite Hawk Cafe & Lounge,Bars,6423 N Interstate Ave,$$,3.5,163,Open,45.16576465979137,1429,Cocktail Bar,39,143,45.5696768,-122.6820685,2
326,2866,"45.5696768,-122.6820685",El Burrito Azteca,Mexican,1942 N Rosa Parks Way,$,4.0,317,Open,398.53729188659815,1430,Latin American Restaurant,399,143,45.5696768,-122.6820685,2
327,2881,"45.5717805,-122.6564844",Firehouse Restaurant,Pizza,711 NE Dekum St,$$,4.0,475,Open,78.34687640104836,1439,Pizzeria,65,144,45.5717805,-122.6564844,3
328,2883,"45.5717805,-122.6564844",Breakside Brewery,Gastropubs,820 NE Dekum St,$$,4.0,695,Open,45.94347826332388,1437,Bar,25,144,45.5717805,-122.6564844,3
329,2886,"45.5717805,-122.6564844",Tamale Boy,Mexican,1764 NE Dekum St,$,4.5,476,Open,735.7936060780328,1446,Tex-Mex Restaurant,742,144,45.5717805,-122.6564844,3
330,2888,"45.5717805,-122.6564844",P's & Q's Market,Delis,1301 NE Dekum St,$$,4.0,194,Open,388.9747751295291,1441,Grocery Store,379,144,45.5717805,-122.6564844,3
331,2899,"45.5717805,-122.6564844",Tough Luck,Cocktail Bars,1771 NE Dekum St,$$,4.0,99,Open,736.8168608465886,1445,Cocktail Bar,743,144,45.5717805,-122.6564844,3
332,2903,"45.5517567,-122.5398468",Burgerville,Burgers,4229 NE 122nd Ave,$,3.0,70,Open,228.01349523322725,1447,Burger Joint,227,145,45.5517567,-122.5398468,4
333,2907,"45.5517567,-122.5398468",Round Table Pizza,Pizza,4141 NE 122nd Ave,$$,2.5,91,Open,213.7403725206725,1450,Pizzeria,209,145,45.5517567,-122.5398468,4
334,2918,"45.5517567,-122.5398468",7-Eleven,Convenience Stores,4250 NE 122nd Ave,$,2.5,8,Open,309.935394131123,1449,Convenience Store,309,145,45.5517567,-122.5398468,4
335,2935,"45.5627673,-122.6598278",The Bye and Bye,Vegan,1011 NE Alberta St,$$,4.0,925,Open,524.0085895791423,1458,Speakeasy,530,146,45.5627673,-122.6598278,1
336,2940,"45.5590714,-122.646602",Petite Provence,Bakeries,1824 NE Alberta St,$$,4.5,1415,Open,35.63700484756629,1467,Bakery,34,147,45.5590714,-122.646602,0
337,2943,"45.5590714,-122.646602",Pine State Biscuits,Southern,2204 NE Alberta St,$$,4.5,4088,Open,300.9028945440993,1475,American Restaurant,304,147,45.5590714,-122.646602,0
338,2945,"45.5590714,-122.646602",Bollywood Theater,Indian,2039 NE Alberta St,$$,4.0,1043,Open,199.7452143056048,1472,South Indian Restaurant,202,147,45.5590714,-122.646602,0
339,2954,"45.5590714,-122.646602",Salt & Straw,Ice Cream & Frozen Yogurt,2035 NE Alberta St,$$,4.5,1891,Open,193.29726206076816,1471,Ice Cream Parlor,191,147,45.5590714,-122.646602,0
340,2960,"45.5335216,-122.5582468",Siam Grill,Thai,10355 NE Halsey St,$,4.0,228,Open,182.9741455664339,1477,Thai Restaurant,194,148,45.5335216,-122.5582468,0
341,2969,"45.5335216,-122.5582468",Bradford's Sports Lounge,Sports Bars,10346 NE Halsey St,$$,3.0,50,Open,182.19281713940384,1478,Lounge,177,148,45.5335216,-122.5582468,0
342,2971,"45.5335216,-122.5582468",El Indio,Mexican,11114 NE Halsey St,$$,3.5,275,Open,773.803134545954,1484,Mexican Restaurant,765,148,45.5335216,-122.5582468,0
343,2978,"45.5335216,-122.5582468",Clamity Jae's,American (Traditional),10805 NE Halsey St,$,3.0,67,Open,562.6766904513069,1482,Bar,561,148,45.5335216,-122.5582468,0
344,2980,"45.576983,-122.6819395",Casa Zoraya,Peruvian,841 N Lombard St,$$,4.5,177,Open,485.9416037421227,1492,Peruvian Restaurant,480,149,45.576983,-122.6819395,1
345,2983,"45.576983,-122.6819395",Tiny Bubble Room,Cocktail Bars,2025 N Lombard St,$$,4.0,65,Open,444.23091878188455,1489,Cocktail Bar,438,149,45.576983,-122.6819395,1
346,2984,"45.576983,-122.6819395",Mi Burrito,Mexican,819 N Lombard St,$,4.5,228,Open,516.4825981354334,1491,Fast Food Restaurant,513,149,45.576983,-122.6819395,1
347,3000,"45.5477847,-122.6812779",Pinky's Pizza,Pizza,3990 N Interstate Ave,$$,4.5,279,Open,472.0330478090618,1500,Pizzeria,487,150,45.5477847,-122.6812779,1
348,3004,"45.5477847,-122.6812779",Stormbreaker Brewing,Breweries,832 N Beech St,$$,4.0,421,Open,510.6132086247735,1504,Bar,494,150,45.5477847,-122.6812779,1
349,3022,"45.4950271,-122.6076627",An Xuyen Bakery,Bakeries,5345 SE Foster Rd,$,4.5,516,Open,31.83228575506526,1506,Bakery,27,151,45.4950271,-122.6076627,1
350,3026,"45.4950271,-122.6076627",Nayar Taqueria,Mexican,5919 SE Foster Rd,$$,4.5,328,Open,515.3959762190321,1513,Mexican Restaurant,511,151,45.4950271,-122.6076627,1
351,3028,"45.4950271,-122.6076627",The Egg Carton,Food Stands,5205 SE Foster Rd,$,4.5,165,Open,125.48449275569249,1508,Breakfast Spot,134,151,45.4950271,-122.6076627,1
352,3032,"45.4950271,-122.6076627",Slingshot Lounge,Lounges,5532 SE Center St,$,4.0,280,Open,222.3203784868973,1509,Cocktail Bar,214,151,45.4950271,-122.6076627,1
353,3041,"45.5140185,-122.5642134",Sayler's Old Country Kitchen,Steakhouses,10519 SE Stark St,$$$,4.0,876,Open,914.5823700980606,1525,American Restaurant,896,152,45.5140185,-122.5642134,1
354,3042,"45.5140185,-122.5642134",Elmer's Restaurant,Breakfast & Brunch,9660 SE Stark St,$$,4.0,209,Open,535.3360990612821,1520,Diner,521,152,45.5140185,-122.5642134,1
355,3050,"45.5140185,-122.5642134",Coffee's On,Coffee & Tea,9738 SE Washington St,$,4.0,40,Open,433.5826164150041,1518,Coffee Shop,386,152,45.5140185,-122.5642134,1
356,3059,"45.5140185,-122.5642134",Stark Street Pizza Company,Pizza,9234 SE Stark St,$$,3.5,237,Open,604.9074270678352,1523,Pizzeria,606,152,45.5140185,-122.5642134,1
357,3061,"45.5311,-122.56249",Muchas Gracias Mexican Food,Tacos,1307 NE 102nd Ave,$,3.0,105,Open,295.3560282892983,1530,Mexican Restaurant,294,153,45.5311,-122.56249,0
358,3063,"45.5311,-122.56249",Siam Grill,Thai,10355 NE Halsey St,$,4.0,228,Open,593.997537012829,1534,Thai Restaurant,610,153,45.5311,-122.56249,0
359,3073,"45.5311,-122.56249",Wingstop,Chicken Wings,1307 NE 102nd Ave,,2.5,40,Open,338.24028957515526,1532,Fast Food Restaurant,327,153,45.5311,-122.56249,0
360,3075,"45.5311,-122.56249",Starbucks,Coffee & Tea,1111 NE 102nd Ave,,1.0,2,Open,185.05702226754784,1526,Coffee Shop,184,153,45.5311,-122.56249,0
361,3077,"45.5311,-122.56249",Bradford's Sports Lounge,Sports Bars,10346 NE Halsey St,$$,3.0,50,Open,569.8343160716031,1533,Lounge,567,153,45.5311,-122.56249,0
362,3084,"45.5653576,-122.5887471",Lakeside Bar & Grill,American (Traditional),6233 NE 78th Ct,$$,4.0,74,Open,644.7078506614304,1539,Bar,639,154,45.5653576,-122.5887471,0
363,3086,"45.5653576,-122.5887471",Colwood Golf Center,Golf,7313 NE Columbia Blvd,,3.5,35,Open,193.68767960422636,1536,Golf Course,179,154,45.5653576,-122.5887471,0
364,3094,"45.5653576,-122.5887471",Starbucks,Coffee & Tea,6020 NE Columbia Blvd,$$,3.5,17,Open,969.219691550272,1543,Coffee Shop,971,154,45.5653576,-122.5887471,0
365,3098,"45.5191725,-122.5822778",The Observatory,American (New),8115 SE Stark St,$$,4.5,2278,Open,160.87375193816146,1554,Lounge,168,155,45.5191725,-122.5822778,2
366,3099,"45.5191725,-122.5822778",Redwood,American (Traditional),7915 SE Stark St,$$,4.5,436,Open,21.622198089073223,1546,Cocktail Bar,17,155,45.5191725,-122.5822778,2
367,3102,"45.5191725,-122.5822778",Ya Hala Lebanese Cuisine,Lebanese,8005 SE Stark St,$$,3.5,535,Open,82.31844263791882,1550,Lebanese Restaurant,74,155,45.5191725,-122.5822778,2
368,3109,"45.5191725,-122.5822778",Bipartisan Cafe,Desserts,7901 SE Stark St,$,4.0,371,Open,13.64023056255142,1547,Coffee Shop,6,155,45.5191725,-122.5822778,2
369,3112,"45.5191725,-122.5822778",Roscoe's,Dive Bars,8105 SE Stark St,$$,4.0,364,Open,151.19641423088746,1555,Beer Bar,151,155,45.5191725,-122.5822778,2
370,3116,"45.5191725,-122.5822778",Hungry Heart PDX,Ice Cream & Frozen Yogurt,414 SE 80th Ave,,5.0,32,Open,82.83243977049491,1551,Bakery,80,155,45.5191725,-122.5822778,2
371,3119,"45.584012,-122.6867319",Swift and Union,Burgers,8103 N Denver Ave,$$,4.0,461,Open,251.24741674279184,1563,Burger Joint,242,156,45.584012,-122.6867319,1
372,3120,"45.584012,-122.6867319",Parkside,Pubs,2135 N Willis Blvd,$$,5.0,75,Open,176.36469965307373,1559,Bar,182,156,45.584012,-122.6867319,1
373,3131,"45.584012,-122.6867319",Tiny Bubble Room,Cocktail Bars,2025 N Lombard St,$$,4.0,65,Open,752.498244147772,1565,Cocktail Bar,765,156,45.584012,-122.6867319,1
374,3132,"45.584012,-122.6867319",Paul Bunyan Statue,Landmarks & Historical Buildings,8433 N Interstate Ave,,4.5,47,Open,20.906337604711734,1556,Monument,18,156,45.584012,-122.6867319,1
375,3137,"45.584012,-122.6867319",Kenton Park,Parks,8417 N Brandon Ave,,4.0,10,Open,204.05866164021495,1564,Park,352,156,45.584012,-122.6867319,1
376,3139,"45.5664345,-122.6205956",Santo Domingo Taqueria,Mexican,5447 NE 42nd Ave,$,4.0,161,Open,429.9280848489116,1566,Mexican Restaurant,423,157,45.5664345,-122.6205956,0
377,3144,"45.5664345,-122.6205956",Pizza Jerk,Pizza,5028 NE 42nd Ave,$$,3.5,277,Open,783.399996582056,1571,Pizzeria,787,157,45.5664345,-122.6205956,0
378,3145,"45.5664345,-122.6205956",Ole Frijole,Mexican,4125 NE Killingsworth St,$,4.0,165,Open,378.2015552241264,1568,Mexican Restaurant,392,157,45.5664345,-122.6205956,0
379,3150,"45.5664345,-122.6205956",Miss Zumstein,Coffee & Tea,5027 NE 42nd Ave,$,4.5,114,Open,784.5369076662407,1575,Bakery,776,157,45.5664345,-122.6205956,0
380,3151,"45.5664345,-122.6205956",Dutch Bros Coffee,Coffee & Tea,4721 NE Columbia Blvd,$,4.5,62,Open,750.8242967701924,1569,"Cafe, Coffee, and Tea House",739,157,45.5664345,-122.6205956,0
381,3170,"45.5760937,-122.7290524",Twilight Room,Dive Bars,5242 N Lombard St,$$,3.5,117,Open,805.1112433030597,1581,Dive Bar,812,158,45.5760937,-122.7290524,5
382,3180,"45.53577751,-122.620613",Sizzle Pie,Pizza,4144 NE Sandy Blvd,$,3.5,95,Open,5.818429786201462,1587,Pizzeria,11,159,45.53577751,-122.620613,2
383,3183,"45.53577751,-122.620613",Moon & Sixpence British Pub,Pubs,2014 NE 42nd Ave,$$,4.0,230,Open,187.66076022404764,1592,Lounge,185,159,45.53577751,-122.620613,2
384,3185,"45.53577751,-122.620613",Doe Donuts,Donuts,4110 NE Sandy Blvd,$,4.5,744,Open,69.28091204103598,1588,Donut Shop,75,159,45.53577751,-122.620613,2
385,3200,"45.5103826,-122.6672484",Shalom Y'all Restaurant,Middle Eastern,117 SE Taylor St,$$,4.5,346,Open,590.4775216952071,1602,Israeli Restaurant,582,160,45.5103826,-122.6672484,5
386,3204,"45.5103826,-122.6672484",Dough Zone - Downtown Portland,Dim Sum,1910 S River Dr,$$,4.0,604,Open,474.5210012456005,1601,Dumpling Restaurant,475,160,45.5103826,-122.6672484,5
387,3222,"45.5554316,-122.5890544",Cameo Cafe,Breakfast & Brunch,8111 NE Sandy Blvd,$$,4.0,563,Open,824.5025205153139,1614,Diner,825,161,45.5554316,-122.5890544,3
388,3234,"45.5554316,-122.5890544",Park City Pub,Pubs,8025 NE Sandy Blvd,$,4.0,111,Open,780.9219633964461,1610,Cocktail Bar,788,161,45.5554316,-122.5890544,3
389,3239,"45.5842278,-122.7460359",Cathedral Coffee,Coffee & Tea,7530 N Willamette Blvd,$,4.5,248,Open,25.953344226273018,1616,Bakery,8,162,45.5842278,-122.7460359,4
390,3245,"45.5842278,-122.7460359",Leisure Public House,Pubs,8002 N Lombard St,$,4.5,235,Open,568.7915877660823,1621,Bar,572,162,45.5842278,-122.7460359,4
391,3278,"45.5482433,-122.6409548",Lucca,Italian,3449 NE 24th Ave,$$,4.0,343,Open,44.508550431895685,1638,Pizzeria,33,164,45.5482433,-122.6409548,0
392,3280,"45.5482433,-122.6409548",Guilder,Coffee Roasteries,2393 NE Fremont St,$,4.5,110,Open,40.58953323332913,1636,Coffee Shop,30,164,45.5482433,-122.6409548,0
393,3288,"45.5482433,-122.6409548",Caffe Destino,Coffee & Tea,1339 NE Fremont St,$,4.0,88,Open,857.5024465015589,1645,Café,858,164,45.5482433,-122.6409548,0
394,3303,"45.5130553,-122.6877767",Duck House Chinese Restaurant,Chinese,1968 SW 5th Ave,$$,4.0,999,Open,586.3582231509433,1655,Chinese Restaurant,572,165,45.5130553,-122.6877767,0
395,3347,"45.4994679,-122.6854443",Starbucks,Coffee & Tea,700 SW Campus Dr,$,3.0,20,Open,181.93406015342308,1667,Coffee Shop,184,167,45.4994679,-122.6854443,0
396,3370,"45.5604984,-122.6621038",The Bye and Bye,Vegan,1011 NE Alberta St,$$,4.0,925,Open,552.2249682195351,1678,Speakeasy,551,168,45.5604984,-122.6621038,0
397,3376,"45.5604984,-122.6621038",Radio Room,American (New),1101 NE Alberta St,$$,3.5,777,Open,620.6579622780381,1680,Bar,620,168,45.5604984,-122.6621038,0
398,3400,"45.4902606,-122.5785721",Gyro House Mediterranean Grill,Mediterranean,8140 SE Cora St,$,4.0,365,Open,103.1823731536496,1697,Mediterranean Restaurant,102,170,45.4902606,-122.5785721,0
399,3405,"45.4902606,-122.5785721",Wingstop,Chicken Wings,4124 SE 82nd Ave,$$,3.5,169,Open,279.9215673862799,1702,Fast Food Restaurant,266,170,45.4902606,-122.5785721,0
400,3418,"45.5237418,-122.6703424",Lechon,Tapas Bars,113 SW Naito Pkwy,$$$,4.5,1825,Open,270.90039268853764,1707,American Restaurant,272,171,45.5237418,-122.6703424,3
401,3428,"45.5237418,-122.6703424",Portland Burger,Burgers,304 SW 2nd Ave,$$,4.5,629,Open,422.4899593843337,1710,Beer Bar,429,171,45.5237418,-122.6703424,3
402,3442,"45.5739428,-122.7203393",East Side Delicatessen,Delis,4823 N Lombard St,$,4.0,247,Open,765.5125837042671,1724,Deli,752,172,45.5739428,-122.7203393,1
403,3459,"45.5420646,-122.6308254",Gado Gado,Indonesian,1801 NE Cesar E Chavez Blvd,$$,4.0,260,Open,905.5390089960506,1733,Chinese Restaurant,908,173,45.5420646,-122.6308254,5
404,3466,"45.5420646,-122.6308254",Nicholas Restaurant,Mediterranean,3223 NE Broadway St,$$,4.0,482,Open,759.2280633362475,1728,American Restaurant,778,173,45.5420646,-122.6308254,5
405,3484,"45.5699526,-122.695712",El Burrito Azteca,Mexican,1942 N Rosa Parks Way,$,4.0,317,Open,663.9857016012975,1742,Latin American Restaurant,661,174,45.5699526,-122.695712,2
406,3488,"45.5699526,-122.695712",Madrona Hill Cafe,Bakeries,5937 N Greeley Ave,$,4.5,65,Open,409.8852818341035,1739,Bakery,410,174,45.5699526,-122.695712,2
407,3498,"45.5225034,-122.557861",Sayler's Old Country Kitchen,Steakhouses,10519 SE Stark St,$$$,4.0,876,Open,404.64270701555137,1748,American Restaurant,417,175,45.5225034,-122.557861,1
408,3502,"45.5225034,-122.557861",Elmer's Restaurant,Breakfast & Brunch,9660 SE Stark St,$$,4.0,209,Open,603.2997193294233,1751,Diner,616,175,45.5225034,-122.557861,1
409,3510,"45.5225034,-122.557861",Heavenly Donuts,Donuts,504 NE 102nd Ave,$,3.5,124,Open,454.2839433860954,1750,Bagel Shop,457,175,45.5225034,-122.557861,1
410,3520,"45.5464321,-122.5933109",Pizzeria Otto,Pizza,6708 NE Sandy Blvd,$$,4.0,373,Open,85.36267851823845,1756,Pizzeria,69,176,45.5464321,-122.5933109,1
411,3524,"45.5464321,-122.5933109",Ohana Hawaiian Cafe,Hawaiian,6320 NE Sandy Blvd,$$,4.0,365,Open,416.3679602888474,1760,Hawaiian Restaurant,416,176,45.5464321,-122.5933109,1
412,3526,"45.5464321,-122.5933109",Pho Corner,Vietnamese,6120 NE Sandy Blvd,$$,4.0,210,Open,564.9142160774987,1765,Vietnamese Restaurant,571,176,45.5464321,-122.5933109,1
413,3538,"45.5590435,-122.6340066",Urdaneta,Tapas/Small Plates,3033 NE Alberta St,$$$,4.5,342,Open,17.066614342434303,1766,Tapas Restaurant,13,177,45.5590435,-122.6340066,0
414,3542,"45.5590435,-122.6340066",Dame,Wine Bars,2930 NE Killingsworth St,$$$,4.5,187,Open,400.28039939454817,1773,Wine Bar,408,177,45.5590435,-122.6340066,0
415,3561,"45.5372206,-122.6875394",Dockside Saloon & Restaurant,Dive Bars,2047 NW Front Ave,$$,4.0,159,Open,89.71898936253042,1777,Dive Bar,111,178,45.5372206,-122.6875394,1
416,3563,"45.5372206,-122.6875394",Please Louise,Pizza,1505 NW 21st Ave,$$,4.5,207,Open,706.6175555240172,1780,Bar,705,178,45.5372206,-122.6875394,1
417,3580,"45.5114539,-122.6856399",Duck House Chinese Restaurant,Chinese,1968 SW 5th Ave,$$,4.0,999,Open,342.5873059120245,1790,Chinese Restaurant,329,179,45.5114539,-122.6856399,1
418,3588,"45.5114539,-122.6856399",Murata Restaurant,Japanese,200 SW Market St,$$,4.5,394,Open,547.8374564019248,1795,Sushi Restaurant,569,179,45.5114539,-122.6856399,1
419,3600,"45.5840852,-122.7194481",Chef Zhao,Asian Fusion,4828 N Lombard St,$$,4.0,207,Open,408.42497599345415,1799,Chinese Restaurant,402,180,45.5840852,-122.7194481,0
420,3603,"45.5840852,-122.7194481",East Side Delicatessen,Delis,4823 N Lombard St,$,4.0,247,Open,377.45845484874445,1798,Deli,386,180,45.5840852,-122.7194481,0
421,3606,"45.5840852,-122.7194481",Drunken Noodle,Thai,5907 N Lombard St,$$,4.0,276,Open,699.085755272548,1804,Thai Restaurant,699,180,45.5840852,-122.7194481,0
422,3609,"45.5840852,-122.7194481",Twilight Room,Dive Bars,5242 N Lombard St,$$,3.5,117,Open,357.3991374854392,1797,Dive Bar,349,180,45.5840852,-122.7194481,0
423,3619,"45.5268753,-122.5377007",Pig-N-Pancake,Breakfast & Brunch,12110 NE Glisan St,$$,3.5,153,Open,143.68747038272733,1807,Diner,148,181,45.5268753,-122.5377007,0
424,3621,"45.5268753,-122.5377007",La Isla Bonita,Mexican,302 NE 122nd Ave,$$,3.5,94,Open,256.81067078852004,1809,Chinese Restaurant,244,181,45.5268753,-122.5377007,0
425,3628,"45.5268753,-122.5377007",Cleary's Restaurant & Spirits,Seafood,12429 NE Glisan St,$$,3.0,23,Open,175.42764542474148,1810,Lounge,176,181,45.5268753,-122.5377007,0
426,3637,"45.5268753,-122.5377007",KFC,Fast Food,12124 NE Glisan St,$,2.0,36,Open,104.9288905668207,1811,Fast Food Restaurant,100,181,45.5268753,-122.5377007,0
427,3638,"45.4863971,-122.5889343",Portland Mercado,Mexican,7238 SE Foster Rd,$$,4.5,179,Open,64.6804348131427,1816,Mexican Restaurant,28,182,45.4863971,-122.5889343,10
428,3648,"45.4863971,-122.5889343",Off The Griddle,Vegan,6526 SE Foster Rd,$$,4.5,941,Open,565.8484833056385,1821,Burger Joint,561,182,45.4863971,-122.5889343,10
429,3679,"45.5445104,-122.5799572",Mekong Bistro,Cambodian,8200 NE Siskiyou St,$$,4.0,229,Open,113.5993898922767,1834,Cambodian Restaurant,128,184,45.5445104,-122.5799572,1
430,3680,"45.5445104,-122.5799572",Pho Oregon Restaurant,Vietnamese,2518 NE 82nd Ave,$$,4.0,759,Open,468.9924794290325,1837,Vietnamese Restaurant,472,184,45.5445104,-122.5799572,1
431,3681,"45.5445104,-122.5799572",El Burrito Loco,Mexican,3126 NE 82nd Ave,$,4.0,137,Open,122.13278741123824,1833,Mexican Restaurant,128,184,45.5445104,-122.5799572,1
432,3686,"45.5445104,-122.5799572",Cameo Cafe,Breakfast & Brunch,8111 NE Sandy Blvd,$$,4.0,563,Open,863.9690633051675,1842,Diner,864,184,45.5445104,-122.5799572,1
433,3697,"45.5445104,-122.5799572",Park City Pub,Pubs,8025 NE Sandy Blvd,$,4.0,111,Open,838.8545310921822,1840,Cocktail Bar,832,184,45.5445104,-122.5799572,1
434,3700,"45.5901519,-122.7547835",Thai Cottage,Thai,8620 N Lombard St,$$,3.5,256,Open,23.40708061887104,1844,Thai Restaurant,23,185,45.5901519,-122.7547835,0
435,3701,"45.5901519,-122.7547835",Homegrown Smoker,Vegan,8638 N Lombard St,$$,4.5,703,Open,45.674075092870034,1845,BBQ Joint,50,185,45.5901519,-122.7547835,0
436,3718,"45.55862047843104,-122.5638759",Elmer's Restaurant,Breakfast & Brunch,10001 NE Sandy Blvd,$$,4.0,411,Open,388.8465929095522,1855,Diner,373,186,45.55862047843104,-122.5638759,0
437,3720,"45.55862047843104,-122.5638759",Jim Dandy Drive-In,American (Traditional),9626 NE Sandy Blvd,$,3.0,113,Open,54.12236742652362,1853,Burger Joint,49,186,45.55862047843104,-122.5638759,0
438,3723,"45.55862047843104,-122.5638759",Escape Bar & Grill,American (New),9004 NE Sandy Blvd,$$,4.0,112,Open,560.4212456130845,1856,Karaoke Bar,561,186,45.55862047843104,-122.5638759,0
439,3726,"45.55862047843104,-122.5638759",Pho Dalat,Vietnamese,10232 NE Sandy Blvd,$,3.5,193,Open,536.2471160281293,1857,Vietnamese Restaurant,550,186,45.55862047843104,-122.5638759,0
440,3727,"45.55862047843104,-122.5638759",Glass House Tavern,Bars,9710 NE Sandy Blvd,$,3.0,25,Open,105.05278946853652,1854,Bar,104,186,45.55862047843104,-122.5638759,0
441,3738,"45.511907,-122.6294804",Farmhouse Kitchen Thai Cuisine,Thai,3354 SE Hawthorne Blvd,$$,4.5,858,Open,28.03039328200958,1863,Thai Restaurant,20,187,45.511907,-122.6294804,0
442,3743,"45.511907,-122.6294804",The Waffle Window,Breakfast & Brunch,3610 SE Hawthorne Blvd,$$,4.5,1867,Open,235.7839908930198,1868,Fast Food Restaurant,224,187,45.511907,-122.6294804,0
443,3766,"45.4970894,-122.686551",Starbucks,Coffee & Tea,700 SW Campus Dr,$,3.0,20,Open,102.03630413044482,1873,Coffee Shop,105,188,45.4970894,-122.686551,1
444,3778,"45.51184309,-122.68372",Duck House Chinese Restaurant,Chinese,1968 SW 5th Ave,$$,4.0,999,Open,303.3323453429952,1889,Chinese Restaurant,284,189,45.51184309,-122.68372,0
445,3785,"45.51184309,-122.68372",Murata Restaurant,Japanese,200 SW Market St,$$,4.5,394,Open,397.6608700576464,1890,Sushi Restaurant,416,189,45.51184309,-122.68372,0
446,3803,"45.5886277,-122.7157775",East Side Delicatessen,Delis,4823 N Lombard St,$,4.0,247,Open,907.0637431760651,1898,Deli,919,190,45.5886277,-122.7157775,0
447,3812,"45.5886277,-122.7157775",Twilight Room,Dive Bars,5242 N Lombard St,$$,3.5,117,Open,930.4070995601317,1901,Dive Bar,921,190,45.5886277,-122.7157775,0
448,3819,"45.5239729,-122.6932457",RingSide Steakhouse,Steakhouses,2165 W Burnside St,$$$,4.0,1047,Open,204.39870685795145,1906,American Restaurant,203,191,45.5239729,-122.6932457,3
449,3826,"45.5239729,-122.6932457",Elephants Delicatessen,Soup,115 NW 22nd Ave,$$,4.5,842,Open,267.71058340259765,1909,Deli,257,191,45.5239729,-122.6932457,3
450,3837,"45.5239729,-122.6932457",Ken's Artisan Bakery,Bakeries,338 NW 21st Ave,$,4.5,915,Open,177.49661617024415,1905,Bakery,186,191,45.5239729,-122.6932457,3
451,3840,"45.5868448,-122.7591351",Homegrown Smoker,Vegan,8638 N Lombard St,$$,4.5,703,Open,493.6888705652583,1917,BBQ Joint,495,192,45.5868448,-122.7591351,1
452,3847,"45.5868448,-122.7591351",Thai Cottage,Thai,8620 N Lombard St,$$,3.5,256,Open,484.5096386059786,1918,Thai Restaurant,489,192,45.5868448,-122.7591351,1
453,3856,"45.5868448,-122.7591351",The Great North,Coffee & Tea,7373 N Burlington Ave,$,4.5,73,Open,525.4972892754636,1916,Bagel Shop,525,192,45.5868448,-122.7591351,1
454,3859,"45.5338491,-122.5470577",El Indio,Mexican,11114 NE Halsey St,$$,3.5,275,Open,114.40979550696576,1924,Mexican Restaurant,119,193,45.5338491,-122.5470577,0
455,3860,"45.5338491,-122.5470577",Gateway Breakfast House,Breakfast & Brunch,11411 NE Halsey St,$$,4.0,391,Open,213.3577841200945,1927,American Restaurant,214,193,45.5338491,-122.5470577,0
456,3864,"45.5338491,-122.5470577",Siam Grill,Thai,10355 NE Halsey St,$,4.0,228,Open,691.9502697162192,1932,Thai Restaurant,684,193,45.5338491,-122.5470577,0
457,3866,"45.5338491,-122.5470577",Clamity Jae's,American (Traditional),10805 NE Halsey St,$,3.0,67,Open,309.6369126841831,1929,Bar,309,193,45.5338491,-122.5470577,0
458,3868,"45.5338491,-122.5470577",Baskin-Robbins,Ice Cream & Frozen Yogurt,11011 NE Halsey St,$$,3.5,14,Open,187.686619497439,1928,Ice Cream Parlor,187,193,45.5338491,-122.5470577,0
459,3878,"45.5220396,-122.537573",Bridge City Taproom,Sports Bars,620 SE 122nd Ave,$$,4.5,441,Open,456.080234036743,1934,Dining and Drinking,452,194,45.5220396,-122.537573,0
460,3881,"45.5220396,-122.537573",La Isla Bonita,Mexican,302 NE 122nd Ave,$$,3.5,94,Open,283.15781681034514,1933,Chinese Restaurant,293,194,45.5220396,-122.537573,0
461,3888,"45.5220396,-122.537573",Don Pedro Restaurant,Mexican,615 SE 122nd Ave,$,3.0,123,Open,447.3249574419392,1936,Mexican Restaurant,454,194,45.5220396,-122.537573,0
462,3894,"45.5220396,-122.537573",Cleary's Restaurant & Spirits,Seafood,12429 NE Glisan St,$$,3.0,23,Open,566.2919013368524,1939,Lounge,549,194,45.5220396,-122.537573,0
463,3899,"45.5591179,-122.6535114",Tin Shed Garden Cafe,American (New),1438 NE Alberta St,$$,4.5,1965,Open,205.69649985255543,1947,American Restaurant,197,195,45.5591179,-122.6535114,0
464,3901,"45.5591179,-122.6535114",Radio Room,American (New),1101 NE Alberta St,$$,3.5,777,Open,65.94793867446313,1944,Bar,65,195,45.5591179,-122.6535114,0
465,3902,"45.5591179,-122.6535114",Bamboo Sushi,Sushi Bars,1409 NE Alberta St,$$,4.0,272,Open,177.24541134329206,1946,Sushi Restaurant,170,195,45.5591179,-122.6535114,0
466,3904,"45.5591179,-122.6535114",The Bye and Bye,Vegan,1011 NE Alberta St,$$,4.0,925,Open,134.24849058141223,1945,Speakeasy,135,195,45.5591179,-122.6535114,0
467,3908,"45.5591179,-122.6535114",Donnie Vegas,Dive Bars,1203 NE Alberta St,$,4.0,97,Open,9.03094188462741,1943,Night Club,3,195,45.5591179,-122.6535114,0
468,3918,"45.5510308,-122.5814223",Cameo Cafe,Breakfast & Brunch,8111 NE Sandy Blvd,$$,4.0,563,Open,205.15404568211488,1955,Diner,206,196,45.5510308,-122.5814223,0
469,3926,"45.5510308,-122.5814223",Park City Pub,Pubs,8025 NE Sandy Blvd,$,4.0,111,Open,145.0017973800296,1954,Cocktail Bar,144,196,45.5510308,-122.5814223,0
470,3938,"45.5257231,-122.6854375",Mediterranean Exploration Company,Mediterranean,333 NW 13th Ave,$$,4.5,951,Open,77.65993736018596,1965,Mediterranean Restaurant,82,197,45.5257231,-122.6854375,1
471,3943,"45.5257231,-122.6854375",Deschutes Brewery Portland Public House,Brewpubs,210 NW 11th Ave,$$,4.0,3487,Open,303.0812817227762,1972,Bar,299,197,45.5257231,-122.6854375,1
472,3945,"45.5257231,-122.6854375",The Star,Pizza,1309 NW Hoyt St,$$,4.0,350,Open,197.35790632921808,1970,Bar,195,197,45.5257231,-122.6854375,1
473,3946,"45.5257231,-122.6854375",10 Barrel Brewing Portland,Pubs,1411 NW Flanders St,$$,4.0,1103,Open,29.16012438484102,1963,Bar,20,197,45.5257231,-122.6854375,1
474,3958,"45.52556242,-122.6892561",Mediterranean Exploration Company,Mediterranean,333 NW 13th Ave,$$,4.5,951,Open,372.5354526864644,1977,Mediterranean Restaurant,375,198,45.52556242,-122.6892561,4
475,3969,"45.52556242,-122.6892561",10 Barrel Brewing Portland,Pubs,1411 NW Flanders St,$$,4.0,1103,Open,298.84706349641067,1974,Bar,296,198,45.52556242,-122.6892561,4
476,3978,"45.5625479,-122.6848349",Backyard Social,Venues & Event Spaces,1914 N Killingsworth St,$$,4.5,112,Open,153.60767007706465,1985,Beer Garden,154,199,45.5625479,-122.6848349,0
477,3981,"45.5625479,-122.6848349",The Old Gold,Bars,2105 N Killingsworth St,$$,4.0,201,Open,335.06439823989183,1987,Whisky Bar,334,199,45.5625479,-122.6848349,0
478,3987,"45.5625479,-122.6848349",The Stacks Coffeehouse,Coffee & Tea,1831 N Killingsworth St,,4.5,52,Open,116.42240165151183,1983,Coffee Shop,113,199,45.5625479,-122.6848349,0
479,3993,"45.5625479,-122.6848349",Gonzalez Taqueria,Mexican,1540 N Killingsworth St,$,4.5,58,Open,125.61886886622004,1984,Fast Food Restaurant,141,199,45.5625479,-122.6848349,0
480,4006,"45.52871176,-122.674166",Yama Sushi & Sake Bar,Sushi Bars,926 NW 10th Ave,$$,4.0,953,Open,544.9143214098372,1997,Sushi Restaurant,574,200,45.52871176,-122.674166,4
481,4018,"45.5264482,-122.583548",The Observatory,American (New),8115 SE Stark St,$$,4.5,2278,Open,840.0444103798685,2010,Lounge,833,201,45.5264482,-122.583548,1
482,4019,"45.5264482,-122.583548",East Glisan Pizza Lounge,Bars,8001 NE Glisan St,$$,4.5,413,Open,191.1891247923523,2004,Lounge,174,201,45.5264482,-122.583548,1
483,4020,"45.5264482,-122.583548",Redwood,American (Traditional),7915 SE Stark St,$$,4.5,436,Open,805.7245892056854,2007,Cocktail Bar,811,201,45.5264482,-122.583548,1
484,4022,"45.5264482,-122.583548",Bui Natural Tofu,Vietnamese,520 NE 76th Ave,$,4.5,205,Open,78.24237220224083,2003,Chinese Restaurant,89,201,45.5264482,-122.583548,1
485,4036,"45.5264482,-122.583548",Fressen Artisan Bakery,Bakeries,7075 NE Glisan St,$,4.5,139,Open,510.30772874598347,2005,Bakery,510,201,45.5264482,-122.583548,1
486,4040,"45.50509011,-122.57900777",Master Kong,Noodles,8435 SE Division St,$$,4.0,450,Open,249.14075519990823,2015,Chinese Restaurant,246,202,45.50509011,-122.57900777,0
487,4042,"45.50509011,-122.57900777",Pho Kim,Vietnamese,2204 SE 82nd Ave,$$,4.0,238,Open,219.30004707808743,2017,Soup Spot,223,202,45.50509011,-122.57900777,0
488,4050,"45.50509011,-122.57900777",Mojo Crepes,Creperies,8409 SE Division St,$,4.0,251,Open,202.8710840142076,2014,Ice Cream Parlor,198,202,45.50509011,-122.57900777,0
489,4054,"45.50509011,-122.57900777",Pho Van Restaurant,Vietnamese,1919 SE 82nd Ave,$$,3.5,498,Open,468.9097165916078,2021,Vietnamese Restaurant,467,202,45.50509011,-122.57900777,0
490,4067,"45.5935627,-122.7354239",Big Kahuna's BBQ & Catering,Hawaiian,7123 N Lombard St,$,4.0,125,Open,778.2591921221957,2032,BBQ Joint,767,203,45.5935627,-122.7354239,0
491,4078,"45.5190613,-122.5584874",Sayler's Old Country Kitchen,Steakhouses,10519 SE Stark St,$$$,4.0,876,Open,252.4618594921938,2033,American Restaurant,243,204,45.5190613,-122.5584874,2
492,4084,"45.5190613,-122.5584874",Elmer's Restaurant,Breakfast & Brunch,9660 SE Stark St,$$,4.0,209,Open,394.0600917349672,2035,Diner,402,204,45.5190613,-122.5584874,2
493,4099,"45.5337829,-122.5788583",East Glisan Pizza Lounge,Bars,8001 NE Glisan St,$$,4.5,413,Open,819.4241687238132,2052,Lounge,823,205,45.5337829,-122.5788583,2
494,4100,"45.5337829,-122.5788583",Pho Oregon Restaurant,Vietnamese,2518 NE 82nd Ave,$$,4.0,759,Open,735.6762594321647,2049,Vietnamese Restaurant,729,205,45.5337829,-122.5788583,2
495,4115,"45.5337829,-122.5788583",New Happy Fortune Chinese Restaurant,Chinese,2145 NE 82nd Ave,$,3.5,127,Open,484.0742861640279,2046,Chinese Restaurant,482,205,45.5337829,-122.5788583,2
496,4118,"45.5446211,-122.667667",Eem,Cocktail Bars,3808 N Williams Ave,$$,4.5,975,Open,686.6846898821551,2062,Cocktail Bar,680,206,45.5446211,-122.667667,4
497,4120,"45.5446211,-122.667667",Life of Pie Pizza,Pizza,3632 N Williams Ave,$$,4.5,872,Open,538.211238814617,2057,Pizzeria,543,206,45.5446211,-122.667667,4
498,4138,"45.53344,-122.55386",Siam Grill,Thai,10355 NE Halsey St,$,4.0,228,Open,168.02302394438374,2064,Thai Restaurant,167,207,45.53344,-122.55386,0
499,4143,"45.53344,-122.55386",El Indio,Mexican,11114 NE Halsey St,$$,3.5,275,Open,431.9919308227151,2068,Mexican Restaurant,423,207,45.53344,-122.55386,0
500,4144,"45.53344,-122.55386",Clamity Jae's,American (Traditional),10805 NE Halsey St,$,3.0,67,Open,223.23097202272905,2066,Bar,222,207,45.53344,-122.55386,0
501,4146,"45.53344,-122.55386",Muchas Gracias Mexican Food,Tacos,1307 NE 102nd Ave,$,3.0,105,Open,427.6012379498925,2071,Mexican Restaurant,427,207,45.53344,-122.55386,0
502,4149,"45.53344,-122.55386",Bradford's Sports Lounge,Sports Bars,10346 NE Halsey St,$$,3.0,50,Open,160.74063025949044,2065,Lounge,164,207,45.53344,-122.55386,0
503,4155,"45.53344,-122.55386",Baskin-Robbins,Ice Cream & Frozen Yogurt,11011 NE Halsey St,$$,3.5,14,Open,344.15664323740936,2069,Ice Cream Parlor,343,207,45.53344,-122.55386,0
504,4163,"45.569917,-122.6744197",Mi Burrito,Mexican,819 N Lombard St,$,4.5,228,Open,828.4448378865363,2082,Fast Food Restaurant,826,208,45.569917,-122.6744197,1
505,4167,"45.569917,-122.6744197",Peninsula Park,Parks,700 N Rosa Parks Way,,4.5,97,Open,44.705178576976174,2074,Playground,74,208,45.569917,-122.6744197,1
506,4171,"45.569917,-122.6744197",Tulip Shop Tavern,American (Traditional),825 N Killingsworth St,$$,4.0,108,Open,790.6288821503307,2077,Cocktail Bar,798,208,45.569917,-122.6744197,1
507,4174,"45.569917,-122.6744197",Saraveza,"Beer, Wine & Spirits",1004 N Killingsworth St,$$,4.0,302,Open,843.0940318547122,2078,Wine Bar,842,208,45.569917,-122.6744197,1
508,4186,"45.5628283,-122.6093459",Angel Food & Fun,Mexican,5135 NE 60th Ave,$,4.5,186,Open,709.5330014215322,2090,Mexican Restaurant,727,209,45.5628283,-122.6093459,2
509,4187,"45.5628283,-122.6093459",Pizza Jerk,Pizza,5028 NE 42nd Ave,$$,3.5,277,Open,926.378378528774,2092,Pizzeria,939,209,45.5628283,-122.6093459,2
510,4198,"45.5092949,-122.6846036",Duck House Chinese Restaurant,Chinese,1968 SW 5th Ave,$$,4.0,999,Open,156.69319259404224,2094,Chinese Restaurant,157,210,45.5092949,-122.6846036,1
511,4207,"45.5092949,-122.6846036",Murata Restaurant,Japanese,200 SW Market St,$$,4.5,394,Open,538.704715743842,2100,Sushi Restaurant,572,210,45.5092949,-122.6846036,1
512,4218,"45.4976098,-122.5818846",Chungdam Korean Fusion,Korean,7901 SE Powell Blvd,$$,4.0,251,Open,36.5576380245607,2103,Korean Restaurant,54,211,45.4976098,-122.5818846,1
513,4228,"45.4976098,-122.5818846",Phoenix City Seafood Restaurant,Seafood,7632 SE Powell Blvd,,4.0,67,Open,170.4650250339797,2105,Chinese Restaurant,161,211,45.4976098,-122.5818846,1
514,4238,"45.519326,-122.5468687",Sayler's Old Country Kitchen,Steakhouses,10519 SE Stark St,$$$,4.0,876,Open,654.7895618907271,2116,American Restaurant,661,212,45.519326,-122.5468687,0
515,4239,"45.519326,-122.5468687",Bridge City Taproom,Sports Bars,620 SE 122nd Ave,$$,4.5,441,Open,756.4887787833728,2121,Dining and Drinking,756,212,45.519326,-122.5468687,0
516,4260,"45.5870144,-122.6951643",Parkside,Pubs,2135 N Willis Blvd,$$,5.0,75,Open,594.5100244241969,2127,Bar,584,213,45.5870144,-122.6951643,1
517,4268,"45.5870144,-122.6951643",Paul Bunyan Statue,Landmarks & Historical Buildings,8433 N Interstate Ave,,4.5,47,Open,752.7945790821142,2131,Monument,754,213,45.5870144,-122.6951643,1
518,4272,"45.5870144,-122.6951643",Kenton Park,Parks,8417 N Brandon Ave,,4.0,10,Open,555.639080021424,2126,Park,540,213,45.5870144,-122.6951643,1
519,4289,"45.5616203,-122.6616835",The Bye and Bye,Vegan,1011 NE Alberta St,$$,4.0,925,Open,564.3851117365316,2134,Speakeasy,566,214,45.5616203,-122.6616835,1
520,4293,"45.5616203,-122.6616835",Radio Room,American (New),1101 NE Alberta St,$$,3.5,777,Open,628.8465827916954,2137,Bar,630,214,45.5616203,-122.6616835,1
521,4312,"45.4990782,-122.6837991",Starbucks,Coffee & Tea,700 SW Campus Dr,$,3.0,20,Open,208.59187301553587,2144,Coffee Shop,203,215,45.4990782,-122.6837991,0
522,4321,"45.5014076,-122.5788622",Master Kong,Noodles,8435 SE Division St,$$,4.0,450,Open,444.54459235788414,2156,Chinese Restaurant,445,216,45.5014076,-122.5788622,0
523,4329,"45.5014076,-122.5788622",Beijing Hot Pot,Chinese,2768 SE 82nd Ave,$$,4.0,211,Open,129.97433096839427,2154,Chinese Restaurant,127,216,45.5014076,-122.5788622,0
524,4333,"45.5014076,-122.5788622",Chungdam Korean Fusion,Korean,7901 SE Powell Blvd,$$,4.0,251,Open,468.0103668840679,2159,Korean Restaurant,468,216,45.5014076,-122.5788622,0
525,4335,"45.5258454,-122.6814197",Deschutes Brewery Portland Public House,Brewpubs,210 NW 11th Ave,$$,4.0,3487,Open,139.9342406599453,2165,Bar,151,217,45.5258454,-122.6814197,0
526,4336,"45.5258454,-122.6814197",Mediterranean Exploration Company,Mediterranean,333 NW 13th Ave,$$,4.5,951,Open,240.2958642220204,2168,Mediterranean Restaurant,237,217,45.5258454,-122.6814197,0
527,4356,"45.53496857,-122.653631",Blossoming Lotus,Vegan,1713 NE 15th Ave,$$,4.5,1305,Open,225.66857863384476,2178,Vegan and Vegetarian Restaurant,239,218,45.53496857,-122.653631,0
528,4368,"45.53496857,-122.653631",Milo's City Cafe,American (Traditional),1325 NE Broadway St,$$,4.0,486,Open,147.54049789318586,2174,Burger Joint,143,218,45.53496857,-122.653631,0
529,4369,"45.53496857,-122.653631",Taste Tickler,Sandwiches,1704 NE 14th Ave,$,4.5,395,Open,178.96644775812015,2175,Diner,172,218,45.53496857,-122.653631,0
530,4395,"45.5205931,-122.637238",Ken's Artisan Pizza,Pizza,304 SE 28th Ave,$$,4.5,893,Open,4.225209312250791,2193,Pizzeria,11,220,45.5205931,-122.637238,2
531,4400,"45.5205931,-122.637238",Baby Doll Pizza,Pizza,2835 SE Stark St,$$,4.5,522,Open,132.9421225686378,2195,Pizzeria,142,220,45.5205931,-122.637238,2
532,4401,"45.5205931,-122.637238",Cheese & Crack Snack Shop,Cheese Shops,22 SE 28th Ave,$$,4.5,547,Open,205.84460989131588,2197,American Restaurant,210,220,45.5205931,-122.637238,2
533,4416,"45.588297,-122.7380898",Big Kahuna's BBQ & Catering,Hawaiian,7123 N Lombard St,$,4.0,125,Open,213.99012692831155,2203,BBQ Joint,208,221,45.588297,-122.7380898,0
534,4426,"45.588297,-122.7380898",Cathedral Coffee,Coffee & Tea,7530 N Willamette Blvd,$,4.5,248,Open,778.1125944824108,2212,Bakery,773,221,45.588297,-122.7380898,0
535,4444,"45.4988159,-122.6540982",Virtuous Pie,Pizza,1126 SE Division St,$$,4.5,406,Open,651.9635426911416,2218,Pizzeria,642,222,45.4988159,-122.6540982,1
536,4445,"45.4988159,-122.6540982",Pine State Biscuits,Breakfast & Brunch,1100 SE Division St,$$,4.5,1312,Open,661.898576817922,2219,Breakfast Spot,653,222,45.4988159,-122.6540982,1
537,4449,"45.4988159,-122.6540982",Double Dragon,Sandwiches,1235 SE Division St,$$,4.0,487,Open,688.0124683732513,2222,Cocktail Bar,690,222,45.4988159,-122.6540982,1
538,4450,"45.4988159,-122.6540982",Original Hotcake House,Diners,1002 SE Powell Blvd,$$,3.5,610,Open,282.7872368824148,2216,Dining and Drinking,298,222,45.4988159,-122.6540982,1
539,4455,"45.4797127,-122.5686256",Flipside Bar And Carts,Bars,9320 SE Woodstock Blvd,$$,4.0,77,Open,160.69779961205236,2227,Lounge,174,223,45.4797127,-122.5686256,0
540,4456,"45.4797127,-122.5686256",El Pato Feliz,Mexican,5824 SE 92nd Ave,$,4.0,175,Open,66.16901082168127,2225,Mexican Restaurant,65,223,45.4797127,-122.5686256,0
541,4457,"45.4797127,-122.5686256",Zoiglhaus Brewing Company,German,5716 SE 92nd Ave,$$,3.5,254,Open,148.93495471778618,2224,Bar,139,223,45.4797127,-122.5686256,0
542,4464,"45.4797127,-122.5686256",Oliver's Cafe,Breakfast & Brunch,8931 SE Foster Rd,$,4.0,287,Open,228.214747464124,2226,Café,225,223,45.4797127,-122.5686256,0
543,4473,"45.4797127,-122.5686256",The Eagle Eye Tavern,Dive Bars,5836 SE 92nd Ave,$,4.0,71,Open,45.2220360480133,2223,Dive Bar,55,223,45.4797127,-122.5686256,0
544,4477,"45.5422831,-122.6037107",Cha Ba Thai,Thai,5810 NE Sandy Blvd,$$,4.0,368,Open,41.81760396987052,2233,Thai Restaurant,52,224,45.5422831,-122.6037107,1
545,4478,"45.5422831,-122.6037107",Thai Seasons,Thai,5824 NE Sandy Blvd,$$,4.5,235,Open,71.6440057031837,2234,Thai Restaurant,68,224,45.5422831,-122.6037107,1
546,4479,"45.5422831,-122.6037107",Du's Grill,Japanese,5365 NE Sandy Blvd,$$,4.5,481,Open,348.8348827134386,2236,BBQ Joint,357,224,45.5422831,-122.6037107,1
547,4481,"45.5422831,-122.6037107",Pho Corner,Vietnamese,6120 NE Sandy Blvd,$$,4.0,210,Open,367.17626567887794,2238,Vietnamese Restaurant,360,224,45.5422831,-122.6037107,1
548,4482,"45.5422831,-122.6037107",Zien Hong,Chinese,5314 NE Sandy Blvd,$$,4.0,481,Open,429.809560117961,2242,Chinese Restaurant,437,224,45.5422831,-122.6037107,1
549,4495,"45.51158277,-122.682281",Duck House Chinese Restaurant,Chinese,1968 SW 5th Ave,$$,4.0,999,Open,262.5789042050052,2246,Chinese Restaurant,243,225,45.51158277,-122.682281,0
550,4498,"45.51158277,-122.682281",Murata Restaurant,Japanese,200 SW Market St,$$,4.5,394,Open,285.7149227454253,2248,Sushi Restaurant,308,225,45.51158277,-122.682281,0
551,4518,"45.4941194,-122.5786536",Gyro House Mediterranean Grill,Mediterranean,8140 SE Cora St,$,4.0,365,Open,338.1585943267603,2261,Mediterranean Restaurant,336,226,45.4941194,-122.5786536,0
552,4522,"45.4941194,-122.5786536",Wingstop,Chicken Wings,4124 SE 82nd Ave,$$,3.5,169,Open,164.939556093915,2256,Fast Food Restaurant,176,226,45.4941194,-122.5786536,0
553,4526,"45.4941194,-122.5786536",Chungdam Korean Fusion,Korean,7901 SE Powell Blvd,$$,4.0,251,Open,442.7062985730113,2262,Korean Restaurant,427,226,45.4941194,-122.5786536,0
554,4531,"45.4941194,-122.5786536",Best Baguette,Vietnamese,8308 SE Powell Blvd,$,4.0,548,Open,329.046222101122,2255,Deli,364,226,45.4941194,-122.5786536,0
555,4537,"45.5181656,-122.639145",Ken's Artisan Pizza,Pizza,304 SE 28th Ave,$$,4.5,893,Open,310.9323733944779,2266,Pizzeria,319,227,45.5181656,-122.639145,0
556,4538,"45.5181656,-122.639145",Baby Doll Pizza,Pizza,2835 SE Stark St,$$,4.5,522,Open,257.91092767256004,2263,Pizzeria,240,227,45.5181656,-122.639145,0
557,4540,"45.5181656,-122.639145",Mirisata,Sri Lankan,2420 SE Belmont St,$$,4.5,164,Open,262.5925871535656,2265,Sri Lankan Restaurant,253,227,45.5181656,-122.639145,0
558,4554,"45.5181656,-122.639145",Cheese & Crack Snack Shop,Cheese Shops,22 SE 28th Ave,$$,4.5,547,Open,500.5668429846592,2270,American Restaurant,500,227,45.5181656,-122.639145,0
559,4556,"45.55891838,-122.6824003",Backyard Social,Venues & Event Spaces,1914 N Killingsworth St,$$,4.5,112,Open,529.9275568318104,2279,Beer Garden,528,228,45.55891838,-122.6824003,1
560,4561,"45.55891838,-122.6824003",Victoria,Cocktail Bars,4835 N Albina Ave,$$,4.0,252,Open,564.6260417018195,2276,Cocktail Bar,574,228,45.55891838,-122.6824003,1
561,4575,"45.5226089,-122.5804512",The Observatory,American (New),8115 SE Stark St,$$,4.5,2278,Open,372.4938441625543,2283,Lounge,363,229,45.5226089,-122.5804512,0
562,4576,"45.5226089,-122.5804512",Redwood,American (Traditional),7915 SE Stark St,$$,4.5,436,Open,390.5483413885672,2287,Cocktail Bar,397,229,45.5226089,-122.5804512,0
563,4578,"45.5226089,-122.5804512",East Glisan Pizza Lounge,Bars,8001 NE Glisan St,$$,4.5,413,Open,444.8029984736261,2291,Lounge,445,229,45.5226089,-122.5804512,0
564,4591,"45.5226089,-122.5804512",Ya Hala Lebanese Cuisine,Lebanese,8005 SE Stark St,$$,3.5,535,Open,360.1520333815259,2285,Lebanese Restaurant,380,229,45.5226089,-122.5804512,0
565,4596,"45.5808002,-122.7133655",Chef Zhao,Asian Fusion,4828 N Lombard St,$$,4.0,207,Open,436.0215640595621,2296,Chinese Restaurant,437,230,45.5808002,-122.7133655,2
566,4597,"45.5808002,-122.7133655",Mock Crest Tavern,Breakfast & Brunch,3435 N Lombard St,$,4.0,149,Open,934.5516903451612,2302,Bar,944,230,45.5808002,-122.7133655,2
567,4601,"45.5808002,-122.7133655",East Side Delicatessen,Delis,4823 N Lombard St,$,4.0,247,Open,415.3406598653935,2294,Deli,425,230,45.5808002,-122.7133655,2
568,4611,"45.5808002,-122.7133655",Twilight Room,Dive Bars,5242 N Lombard St,$$,3.5,117,Open,730.6527971957063,2300,Dive Bar,728,230,45.5808002,-122.7133655,2
569,4615,"45.51788377,-122.6920402",Goose Hollow Inn,Gastropubs,1927 SW Jefferson St,$$,4.0,290,Open,154.9491320670344,2303,Pub,166,231,45.51788377,-122.6920402,0
570,4635,"45.4902649,-122.5979411",Assembly Brewing,Pizza,6112 SE Foster Rd,$$,4.5,251,Open,201.69713888274424,2316,Cocktail Bar,199,232,45.4902649,-122.5979411,0
571,4636,"45.4902649,-122.5979411",Bar Carlo,Breakfast & Brunch,6433 SE Foster Rd,$$,4.0,384,Open,158.76505453542217,2317,American Restaurant,161,232,45.4902649,-122.5979411,0
572,4637,"45.4902649,-122.5979411",Off The Griddle,Vegan,6526 SE Foster Rd,$$,4.5,941,Open,259.5730000377817,2318,Burger Joint,264,232,45.4902649,-122.5979411,0
573,4639,"45.4902649,-122.5979411",Nayar Taqueria,Mexican,5919 SE Foster Rd,$$,4.5,328,Open,409.3934103759803,2321,Mexican Restaurant,412,232,45.4902649,-122.5979411,0
574,4640,"45.4902649,-122.5979411",Bar Maven,Bars,6219 SE Foster Rd,$,4.0,193,Open,98.52627676324786,2314,Lounge,105,232,45.4902649,-122.5979411,0
575,4648,"45.4902649,-122.5979411",Henry Higgins Boiled Bagels,Sandwiches,6420 SE Foster Rd,$,4.0,321,Open,156.91056436413794,2315,Sandwich Spot,149,232,45.4902649,-122.5979411,0
576,4653,"45.4902649,-122.5979411",Pieper Cafe,Cafes,6504 SE Foster Rd,$,4.5,116,Open,222.7053638534813,2319,Café,207,232,45.4902649,-122.5979411,0
577,4657,"45.5965621,-122.7478995",Homegrown Smoker,Vegan,8638 N Lombard St,$$,4.5,703,Open,896.4910523648488,2330,BBQ Joint,894,233,45.5965621,-122.7478995,1
578,4659,"45.5965621,-122.7478995",Leisure Public House,Pubs,8002 N Lombard St,$,4.5,235,Open,829.4667517913741,2325,Bar,824,233,45.5965621,-122.7478995,1
579,4672,"45.5965621,-122.7478995",Thai Cottage,Thai,8620 N Lombard St,$$,3.5,256,Open,905.682509377888,2332,Thai Restaurant,900,233,45.5965621,-122.7478995,1
580,4684,"45.5178988,-122.6600522",Hat Yai,Thai,605 SE Belmont St,$$,4.0,238,Open,141.10391571885037,2335,Thai Restaurant,146,234,45.5178988,-122.6600522,4
581,4688,"45.5178988,-122.6600522",Rum Club,American (New),720 SE Sandy Blvd,$$,4.0,286,Open,202.26860077790045,2337,Cocktail Bar,211,234,45.5178988,-122.6600522,4
